,act_fun,batch_size,dropout_frac,lr,n_epochs,neuron_layers,optimizer,patience,tol,weight_decay,F1,Acc
371,<function selu at 0x7f5bf5c0bba0>,128,0.8,0.0001,250,"[5000, 2500, 1000, 250, 50]",<class 'torch.optim.adamw.AdamW'>,50,1e-05,0.0001,0.53125,0.8148148148148148
370,<function selu at 0x7f5bf5c0bba0>,128,0.8,0.0001,250,"[5000, 2500, 1000, 250, 50]",<class 'torch.optim.adamw.AdamW'>,50,0.0,0.0001,0.53125,0.8148148148148148
364,<function selu at 0x7f5bf5c0bba0>,128,0.8,0.0001,200,"[5000, 2500, 1000, 250, 50]",<class 'torch.optim.adamw.AdamW'>,50,0.0,0.0001,0.5230769230769231,0.808641975308642
548,<function selu at 0x7f5bf5c0bba0>,64,0.75,0.001,350,"[5000, 2500, 1000, 250, 125]",<class 'torch.optim.adamw.AdamW'>,50,0.0,0.0001,0.5230769230769231,0.808641975308642
549,<function selu at 0x7f5bf5c0bba0>,64,0.75,0.001,350,"[5000, 2500, 1000, 250, 125]",<class 'torch.optim.adamw.AdamW'>,50,1e-05,0.0001,0.5230769230769231,0.808641975308642
365,<function selu at 0x7f5bf5c0bba0>,128,0.8,0.0001,200,"[5000, 2500, 1000, 250, 50]",<class 'torch.optim.adamw.AdamW'>,50,1e-05,0.0001,0.5230769230769231,0.808641975308642
62,<function selu at 0x7f5bf5c0bba0>,256,0.7,0.01,300,"[5000, 2500, 1000, 250, 125]",<class 'torch.optim.adamw.AdamW'>,50,0.0,0.0001,0.5151515151515151,0.8024691358024691
369,<function selu at 0x7f5bf5c0bba0>,128,0.8,0.0001,250,"[5000, 2500, 1000, 250, 125]",<class 'torch.optim.adamw.AdamW'>,50,1e-05,0.0001,0.5151515151515151,0.8024691358024691
368,<function selu at 0x7f5bf5c0bba0>,128,0.8,0.0001,250,"[5000, 2500, 1000, 250, 125]",<class 'torch.optim.adamw.AdamW'>,50,0.0,0.0001,0.5151515151515151,0.8024691358024691
75,<function selu at 0x7f5bf5c0bba0>,256,0.75,0.0001,200,"[5000, 2500, 1000, 250, 125]",<class 'torch.optim.adamw.AdamW'>,50,1e-05,0.0001,0.5151515151515151,0.8024691358024691
74,<function selu at 0x7f5bf5c0bba0>,256,0.75,0.0001,200,"[5000, 2500, 1000, 250, 125]",<class 'torch.optim.adamw.AdamW'>,50,0.0,0.0001,0.5151515151515151,0.8024691358024691
63,<function selu at 0x7f5bf5c0bba0>,256,0.7,0.01,300,"[5000, 2500, 1000, 250, 125]",<class 'torch.optim.adamw.AdamW'>,50,1e-05,0.0001,0.5151515151515151,0.8024691358024691
126,<function selu at 0x7f5bf5c0bba0>,256,0.75,0.01,250,"[5000, 2500, 1000, 250]",<class 'torch.optim.adamw.AdamW'>,50,0.0,0.0001,0.5142857142857142,0.7901234567901234
127,<function selu at 0x7f5bf5c0bba0>,256,0.75,0.01,250,"[5000, 2500, 1000, 250]",<class 'torch.optim.adamw.AdamW'>,50,1e-05,0.0001,0.5142857142857142,0.7901234567901234
376,<function selu at 0x7f5bf5c0bba0>,128,0.8,0.0001,300,"[5000, 2500, 1000, 250, 50]",<class 'torch.optim.adamw.AdamW'>,50,0.0,0.0001,0.5079365079365079,0.808641975308642
377,<function selu at 0x7f5bf5c0bba0>,128,0.8,0.0001,300,"[5000, 2500, 1000, 250, 50]",<class 'torch.optim.adamw.AdamW'>,50,1e-05,0.0001,0.5079365079365079,0.808641975308642
76,<function selu at 0x7f5bf5c0bba0>,256,0.75,0.0001,200,"[5000, 2500, 1000, 250, 50]",<class 'torch.optim.adamw.AdamW'>,50,0.0,0.0001,0.5074626865671642,0.7962962962962963
77,<function selu at 0x7f5bf5c0bba0>,256,0.75,0.0001,200,"[5000, 2500, 1000, 250, 50]",<class 'torch.optim.adamw.AdamW'>,50,1e-05,0.0001,0.5074626865671642,0.7962962962962963
81,<function selu at 0x7f5bf5c0bba0>,256,0.75,0.0001,250,"[5000, 2500, 1000, 250, 125]",<class 'torch.optim.adamw.AdamW'>,50,1e-05,0.0001,0.5074626865671642,0.7962962962962963
363,<function selu at 0x7f5bf5c0bba0>,128,0.8,0.0001,200,"[5000, 2500, 1000, 250, 125]",<class 'torch.optim.adamw.AdamW'>,50,1e-05,0.0001,0.5074626865671642,0.7962962962962963
362,<function selu at 0x7f5bf5c0bba0>,128,0.8,0.0001,200,"[5000, 2500, 1000, 250, 125]",<class 'torch.optim.adamw.AdamW'>,50,0.0,0.0001,0.5074626865671642,0.7962962962962963
80,<function selu at 0x7f5bf5c0bba0>,256,0.75,0.0001,250,"[5000, 2500, 1000, 250, 125]",<class 'torch.optim.adamw.AdamW'>,50,0.0,0.0001,0.5074626865671642,0.7962962962962963
51,<function selu at 0x7f5bf5c0bba0>,256,0.7,0.01,200,"[5000, 2500, 1000, 250, 125]",<class 'torch.optim.adamw.AdamW'>,50,1e-05,0.0001,0.5070422535211268,0.7839506172839507
50,<function selu at 0x7f5bf5c0bba0>,256,0.7,0.01,200,"[5000, 2500, 1000, 250, 125]",<class 'torch.optim.adamw.AdamW'>,50,0.0,0.0001,0.5070422535211268,0.7839506172839507
61,<function selu at 0x7f5bf5c0bba0>,256,0.7,0.01,300,"[5000, 2500, 1000, 250]",<class 'torch.optim.adamw.AdamW'>,50,1e-05,0.0001,0.5052631578947369,0.7098765432098766
60,<function selu at 0x7f5bf5c0bba0>,256,0.7,0.01,300,"[5000, 2500, 1000, 250]",<class 'torch.optim.adamw.AdamW'>,50,0.0,0.0001,0.5052631578947369,0.7098765432098766
374,<function selu at 0x7f5bf5c0bba0>,128,0.8,0.0001,300,"[5000, 2500, 1000, 250, 125]",<class 'torch.optim.adamw.AdamW'>,50,0.0,0.0001,0.5,0.8024691358024691
375,<function selu at 0x7f5bf5c0bba0>,128,0.8,0.0001,300,"[5000, 2500, 1000, 250, 125]",<class 'torch.optim.adamw.AdamW'>,50,1e-05,0.0001,0.5,0.8024691358024691
158,<function selu at 0x7f5bf5c0bba0>,256,0.8,0.0001,300,"[5000, 2500, 1000, 250, 125]",<class 'torch.optim.adamw.AdamW'>,50,0.0,0.0001,0.4927536231884058,0.7839506172839507
165,<function selu at 0x7f5bf5c0bba0>,256,0.8,0.0001,350,"[5000, 2500, 1000, 250, 125]",<class 'torch.optim.adamw.AdamW'>,50,1e-05,0.0001,0.4927536231884058,0.7839506172839507
164,<function selu at 0x7f5bf5c0bba0>,256,0.8,0.0001,350,"[5000, 2500, 1000, 250, 125]",<class 'torch.optim.adamw.AdamW'>,50,0.0,0.0001,0.4927536231884058,0.7839506172839507
167,<function selu at 0x7f5bf5c0bba0>,256,0.8,0.0001,350,"[5000, 2500, 1000, 250, 50]",<class 'torch.optim.adamw.AdamW'>,50,1e-05,0.0001,0.4927536231884058,0.7839506172839507
159,<function selu at 0x7f5bf5c0bba0>,256,0.8,0.0001,300,"[5000, 2500, 1000, 250, 125]",<class 'torch.optim.adamw.AdamW'>,50,1e-05,0.0001,0.4927536231884058,0.7839506172839507
166,<function selu at 0x7f5bf5c0bba0>,256,0.8,0.0001,350,"[5000, 2500, 1000, 250, 50]",<class 'torch.optim.adamw.AdamW'>,50,0.0,0.0001,0.4927536231884058,0.7839506172839507
145,<function selu at 0x7f5bf5c0bba0>,256,0.8,0.0001,200,"[5000, 2500, 1000, 250]",<class 'torch.optim.adamw.AdamW'>,50,1e-05,0.0001,0.4918032786885246,0.808641975308642
144,<function selu at 0x7f5bf5c0bba0>,256,0.8,0.0001,200,"[5000, 2500, 1000, 250]",<class 'torch.optim.adamw.AdamW'>,50,0.0,0.0001,0.4918032786885246,0.808641975308642
56,<function selu at 0x7f5bf5c0bba0>,256,0.7,0.01,250,"[5000, 2500, 1000, 250, 125]",<class 'torch.optim.adamw.AdamW'>,50,0.0,0.0001,0.4864864864864865,0.7654320987654321
57,<function selu at 0x7f5bf5c0bba0>,256,0.7,0.01,250,"[5000, 2500, 1000, 250, 125]",<class 'torch.optim.adamw.AdamW'>,50,1e-05,0.0001,0.4864864864864865,0.7654320987654321
161,<function selu at 0x7f5bf5c0bba0>,256,0.8,0.0001,300,"[5000, 2500, 1000, 250, 50]",<class 'torch.optim.adamw.AdamW'>,50,1e-05,0.0001,0.4857142857142857,0.7777777777777778
160,<function selu at 0x7f5bf5c0bba0>,256,0.8,0.0001,300,"[5000, 2500, 1000, 250, 50]",<class 'torch.optim.adamw.AdamW'>,50,0.0,0.0001,0.4857142857142857,0.7777777777777778
83,<function selu at 0x7f5bf5c0bba0>,256,0.75,0.0001,250,"[5000, 2500, 1000, 250, 50]",<class 'torch.optim.adamw.AdamW'>,50,1e-05,0.0001,0.48484848484848486,0.7901234567901234
82,<function selu at 0x7f5bf5c0bba0>,256,0.75,0.0001,250,"[5000, 2500, 1000, 250, 50]",<class 'torch.optim.adamw.AdamW'>,50,0.0,0.0001,0.48484848484848486,0.7901234567901234
290,<function selu at 0x7f5bf5c0bba0>,128,0.75,0.0001,200,"[5000, 2500, 1000, 250, 125]",<class 'torch.optim.adamw.AdamW'>,50,0.0,0.0001,0.4827586206896552,0.8148148148148148
150,<function selu at 0x7f5bf5c0bba0>,256,0.8,0.0001,250,"[5000, 2500, 1000, 250]",<class 'torch.optim.adamw.AdamW'>,50,0.0,0.0001,0.4827586206896552,0.8148148148148148
151,<function selu at 0x7f5bf5c0bba0>,256,0.8,0.0001,250,"[5000, 2500, 1000, 250]",<class 'torch.optim.adamw.AdamW'>,50,1e-05,0.0001,0.4827586206896552,0.8148148148148148
291,<function selu at 0x7f5bf5c0bba0>,128,0.75,0.0001,200,"[5000, 2500, 1000, 250, 125]",<class 'torch.optim.adamw.AdamW'>,50,1e-05,0.0001,0.4827586206896552,0.8148148148148148
152,<function selu at 0x7f5bf5c0bba0>,256,0.8,0.0001,250,"[5000, 2500, 1000, 250, 125]",<class 'torch.optim.adamw.AdamW'>,50,0.0,0.0001,0.48,0.7592592592592593
153,<function selu at 0x7f5bf5c0bba0>,256,0.8,0.0001,250,"[5000, 2500, 1000, 250, 125]",<class 'torch.optim.adamw.AdamW'>,50,1e-05,0.0001,0.48,0.7592592592592593
148,<function selu at 0x7f5bf5c0bba0>,256,0.8,0.0001,200,"[5000, 2500, 1000, 250, 50]",<class 'torch.optim.adamw.AdamW'>,50,0.0,0.0001,0.475,0.7407407407407407
149,<function selu at 0x7f5bf5c0bba0>,256,0.8,0.0001,200,"[5000, 2500, 1000, 250, 50]",<class 'torch.optim.adamw.AdamW'>,50,1e-05,0.0001,0.475,0.7407407407407407
595,<function selu at 0x7f5bf5c0bba0>,64,0.8,0.0001,350,"[5000, 2500, 1000, 250]",<class 'torch.optim.adamw.AdamW'>,50,1e-05,0.0001,0.4745762711864407,0.808641975308642
588,<function selu at 0x7f5bf5c0bba0>,64,0.8,0.0001,300,"[5000, 2500, 1000, 250]",<class 'torch.optim.adamw.AdamW'>,50,0.0,0.0001,0.4745762711864407,0.808641975308642
378,<function selu at 0x7f5bf5c0bba0>,128,0.8,0.0001,350,"[5000, 2500, 1000, 250]",<class 'torch.optim.adamw.AdamW'>,50,0.0,0.0001,0.4745762711864407,0.808641975308642
380,<function selu at 0x7f5bf5c0bba0>,128,0.8,0.0001,350,"[5000, 2500, 1000, 250, 125]",<class 'torch.optim.adamw.AdamW'>,50,0.0,0.0001,0.4745762711864407,0.808641975308642
589,<function selu at 0x7f5bf5c0bba0>,64,0.8,0.0001,300,"[5000, 2500, 1000, 250]",<class 'torch.optim.adamw.AdamW'>,50,1e-05,0.0001,0.4745762711864407,0.808641975308642
594,<function selu at 0x7f5bf5c0bba0>,64,0.8,0.0001,350,"[5000, 2500, 1000, 250]",<class 'torch.optim.adamw.AdamW'>,50,0.0,0.0001,0.4745762711864407,0.808641975308642
379,<function selu at 0x7f5bf5c0bba0>,128,0.8,0.0001,350,"[5000, 2500, 1000, 250]",<class 'torch.optim.adamw.AdamW'>,50,1e-05,0.0001,0.4745762711864407,0.808641975308642
296,<function selu at 0x7f5bf5c0bba0>,128,0.75,0.0001,250,"[5000, 2500, 1000, 250, 125]",<class 'torch.optim.adamw.AdamW'>,50,0.0,0.0001,0.4745762711864407,0.808641975308642
583,<function selu at 0x7f5bf5c0bba0>,64,0.8,0.0001,250,"[5000, 2500, 1000, 250]",<class 'torch.optim.adamw.AdamW'>,50,1e-05,0.0001,0.4745762711864407,0.808641975308642
576,<function selu at 0x7f5bf5c0bba0>,64,0.8,0.0001,200,"[5000, 2500, 1000, 250]",<class 'torch.optim.adamw.AdamW'>,50,0.0,0.0001,0.4745762711864407,0.808641975308642
18,<function selu at 0x7f5bf5c0bba0>,256,0.7,0.0001,350,"[5000, 2500, 1000, 250]",<class 'torch.optim.adamw.AdamW'>,50,0.0,0.0001,0.4745762711864407,0.808641975308642
19,<function selu at 0x7f5bf5c0bba0>,256,0.7,0.0001,350,"[5000, 2500, 1000, 250]",<class 'torch.optim.adamw.AdamW'>,50,1e-05,0.0001,0.4745762711864407,0.808641975308642
163,<function selu at 0x7f5bf5c0bba0>,256,0.8,0.0001,350,"[5000, 2500, 1000, 250]",<class 'torch.optim.adamw.AdamW'>,50,1e-05,0.0001,0.4745762711864407,0.808641975308642
162,<function selu at 0x7f5bf5c0bba0>,256,0.8,0.0001,350,"[5000, 2500, 1000, 250]",<class 'torch.optim.adamw.AdamW'>,50,0.0,0.0001,0.4745762711864407,0.808641975308642
297,<function selu at 0x7f5bf5c0bba0>,128,0.75,0.0001,250,"[5000, 2500, 1000, 250, 125]",<class 'torch.optim.adamw.AdamW'>,50,1e-05,0.0001,0.4745762711864407,0.808641975308642
381,<function selu at 0x7f5bf5c0bba0>,128,0.8,0.0001,350,"[5000, 2500, 1000, 250, 125]",<class 'torch.optim.adamw.AdamW'>,50,1e-05,0.0001,0.4745762711864407,0.808641975308642
577,<function selu at 0x7f5bf5c0bba0>,64,0.8,0.0001,200,"[5000, 2500, 1000, 250]",<class 'torch.optim.adamw.AdamW'>,50,1e-05,0.0001,0.4745762711864407,0.808641975308642
582,<function selu at 0x7f5bf5c0bba0>,64,0.8,0.0001,250,"[5000, 2500, 1000, 250]",<class 'torch.optim.adamw.AdamW'>,50,0.0,0.0001,0.4745762711864407,0.808641975308642
193,<function selu at 0x7f5bf5c0bba0>,256,0.8,0.01,200,"[5000, 2500, 1000, 250]",<class 'torch.optim.adamw.AdamW'>,50,1e-05,0.0001,0.47368421052631576,0.7530864197530864
192,<function selu at 0x7f5bf5c0bba0>,256,0.8,0.01,200,"[5000, 2500, 1000, 250]",<class 'torch.optim.adamw.AdamW'>,50,0.0,0.0001,0.47368421052631576,0.7530864197530864
258,<function selu at 0x7f5bf5c0bba0>,128,0.7,0.001,350,"[5000, 2500, 1000, 250]",<class 'torch.optim.adamw.AdamW'>,50,0.0,0.0001,0.4722222222222222,0.7654320987654321
259,<function selu at 0x7f5bf5c0bba0>,128,0.7,0.001,350,"[5000, 2500, 1000, 250]",<class 'torch.optim.adamw.AdamW'>,50,1e-05,0.0001,0.4722222222222222,0.7654320987654321
48,<function selu at 0x7f5bf5c0bba0>,256,0.7,0.01,200,"[5000, 2500, 1000, 250]",<class 'torch.optim.adamw.AdamW'>,50,0.0,0.0001,0.47058823529411764,0.7777777777777778
49,<function selu at 0x7f5bf5c0bba0>,256,0.7,0.01,200,"[5000, 2500, 1000, 250]",<class 'torch.optim.adamw.AdamW'>,50,1e-05,0.0001,0.47058823529411764,0.7777777777777778
579,<function selu at 0x7f5bf5c0bba0>,64,0.8,0.0001,200,"[5000, 2500, 1000, 250, 125]",<class 'torch.optim.adamw.AdamW'>,50,1e-05,0.0001,0.46875,0.7901234567901234
464,<function selu at 0x7f5bf5c0bba0>,64,0.7,0.001,250,"[5000, 2500, 1000, 250, 125]",<class 'torch.optim.adamw.AdamW'>,50,0.0,0.0001,0.46875,0.7901234567901234
578,<function selu at 0x7f5bf5c0bba0>,64,0.8,0.0001,200,"[5000, 2500, 1000, 250, 125]",<class 'torch.optim.adamw.AdamW'>,50,0.0,0.0001,0.46875,0.7901234567901234
465,<function selu at 0x7f5bf5c0bba0>,64,0.7,0.001,250,"[5000, 2500, 1000, 250, 125]",<class 'torch.optim.adamw.AdamW'>,50,1e-05,0.0001,0.46875,0.7901234567901234
155,<function selu at 0x7f5bf5c0bba0>,256,0.8,0.0001,250,"[5000, 2500, 1000, 250, 50]",<class 'torch.optim.adamw.AdamW'>,50,1e-05,0.0001,0.4675324675324675,0.7469135802469136
154,<function selu at 0x7f5bf5c0bba0>,256,0.8,0.0001,250,"[5000, 2500, 1000, 250, 50]",<class 'torch.optim.adamw.AdamW'>,50,0.0,0.0001,0.4675324675324675,0.7469135802469136
156,<function selu at 0x7f5bf5c0bba0>,256,0.8,0.0001,300,"[5000, 2500, 1000, 250]",<class 'torch.optim.adamw.AdamW'>,50,0.0,0.0001,0.4666666666666667,0.8024691358024691
361,<function selu at 0x7f5bf5c0bba0>,128,0.8,0.0001,200,"[5000, 2500, 1000, 250]",<class 'torch.optim.adamw.AdamW'>,50,1e-05,0.0001,0.4666666666666667,0.8024691358024691
360,<function selu at 0x7f5bf5c0bba0>,128,0.8,0.0001,200,"[5000, 2500, 1000, 250]",<class 'torch.optim.adamw.AdamW'>,50,0.0,0.0001,0.4666666666666667,0.8024691358024691
219,<function selu at 0x7f5bf5c0bba0>,128,0.7,0.0001,200,"[5000, 2500, 1000, 250, 125]",<class 'torch.optim.adamw.AdamW'>,50,1e-05,0.0001,0.4666666666666667,0.8024691358024691
218,<function selu at 0x7f5bf5c0bba0>,128,0.7,0.0001,200,"[5000, 2500, 1000, 250, 125]",<class 'torch.optim.adamw.AdamW'>,50,0.0,0.0001,0.4666666666666667,0.8024691358024691
157,<function selu at 0x7f5bf5c0bba0>,256,0.8,0.0001,300,"[5000, 2500, 1000, 250]",<class 'torch.optim.adamw.AdamW'>,50,1e-05,0.0001,0.4666666666666667,0.8024691358024691
11,<function selu at 0x7f5bf5c0bba0>,256,0.7,0.0001,250,"[5000, 2500, 1000, 250, 50]",<class 'torch.optim.adamw.AdamW'>,50,1e-05,0.0001,0.4666666666666667,0.8024691358024691
299,<function selu at 0x7f5bf5c0bba0>,128,0.75,0.0001,250,"[5000, 2500, 1000, 250, 50]",<class 'torch.optim.adamw.AdamW'>,50,1e-05,0.0001,0.4666666666666667,0.8024691358024691
13,<function selu at 0x7f5bf5c0bba0>,256,0.7,0.0001,300,"[5000, 2500, 1000, 250]",<class 'torch.optim.adamw.AdamW'>,50,1e-05,0.0001,0.4666666666666667,0.8024691358024691
10,<function selu at 0x7f5bf5c0bba0>,256,0.7,0.0001,250,"[5000, 2500, 1000, 250, 50]",<class 'torch.optim.adamw.AdamW'>,50,0.0,0.0001,0.4666666666666667,0.8024691358024691
72,<function selu at 0x7f5bf5c0bba0>,256,0.75,0.0001,200,"[5000, 2500, 1000, 250]",<class 'torch.optim.adamw.AdamW'>,50,0.0,0.0001,0.4666666666666667,0.8024691358024691
73,<function selu at 0x7f5bf5c0bba0>,256,0.75,0.0001,200,"[5000, 2500, 1000, 250]",<class 'torch.optim.adamw.AdamW'>,50,1e-05,0.0001,0.4666666666666667,0.8024691358024691
302,<function selu at 0x7f5bf5c0bba0>,128,0.75,0.0001,300,"[5000, 2500, 1000, 250, 125]",<class 'torch.optim.adamw.AdamW'>,50,0.0,0.0001,0.4666666666666667,0.8024691358024691
303,<function selu at 0x7f5bf5c0bba0>,128,0.75,0.0001,300,"[5000, 2500, 1000, 250, 125]",<class 'torch.optim.adamw.AdamW'>,50,1e-05,0.0001,0.4666666666666667,0.8024691358024691
12,<function selu at 0x7f5bf5c0bba0>,256,0.7,0.0001,300,"[5000, 2500, 1000, 250]",<class 'torch.optim.adamw.AdamW'>,50,0.0,0.0001,0.4666666666666667,0.8024691358024691
298,<function selu at 0x7f5bf5c0bba0>,128,0.75,0.0001,250,"[5000, 2500, 1000, 250, 50]",<class 'torch.optim.adamw.AdamW'>,50,0.0,0.0001,0.4666666666666667,0.8024691358024691
531,<function selu at 0x7f5bf5c0bba0>,64,0.75,0.001,200,"[5000, 2500, 1000, 250, 125]",<class 'torch.optim.adamw.AdamW'>,50,1e-05,0.0001,0.463768115942029,0.7716049382716049
530,<function selu at 0x7f5bf5c0bba0>,64,0.75,0.001,200,"[5000, 2500, 1000, 250, 125]",<class 'torch.optim.adamw.AdamW'>,50,0.0,0.0001,0.463768115942029,0.7716049382716049
601,<function selu at 0x7f5bf5c0bba0>,64,0.8,0.001,200,"[5000, 2500, 1000, 250]",<class 'torch.optim.adamw.AdamW'>,50,1e-05,0.0001,0.46153846153846156,0.7839506172839507
600,<function selu at 0x7f5bf5c0bba0>,64,0.8,0.001,200,"[5000, 2500, 1000, 250]",<class 'torch.optim.adamw.AdamW'>,50,0.0,0.0001,0.46153846153846156,0.7839506172839507
586,<function selu at 0x7f5bf5c0bba0>,64,0.8,0.0001,250,"[5000, 2500, 1000, 250, 50]",<class 'torch.optim.adamw.AdamW'>,50,0.0,0.0001,0.45901639344262296,0.7962962962962963
20,<function selu at 0x7f5bf5c0bba0>,256,0.7,0.0001,350,"[5000, 2500, 1000, 250, 125]",<class 'torch.optim.adamw.AdamW'>,50,0.0,0.0001,0.45901639344262296,0.7962962962962963
21,<function selu at 0x7f5bf5c0bba0>,256,0.7,0.0001,350,"[5000, 2500, 1000, 250, 125]",<class 'torch.optim.adamw.AdamW'>,50,1e-05,0.0001,0.45901639344262296,0.7962962962962963
587,<function selu at 0x7f5bf5c0bba0>,64,0.8,0.0001,250,"[5000, 2500, 1000, 250, 50]",<class 'torch.optim.adamw.AdamW'>,50,1e-05,0.0001,0.45901639344262296,0.7962962962962963
235,<function selu at 0x7f5bf5c0bba0>,128,0.7,0.0001,350,"[5000, 2500, 1000, 250]",<class 'torch.optim.adamw.AdamW'>,50,1e-05,0.0001,0.45901639344262296,0.7962962962962963
87,<function selu at 0x7f5bf5c0bba0>,256,0.75,0.0001,300,"[5000, 2500, 1000, 250, 125]",<class 'torch.optim.adamw.AdamW'>,50,1e-05,0.0001,0.45901639344262296,0.7962962962962963
581,<function selu at 0x7f5bf5c0bba0>,64,0.8,0.0001,200,"[5000, 2500, 1000, 250, 50]",<class 'torch.optim.adamw.AdamW'>,50,1e-05,0.0001,0.45901639344262296,0.7962962962962963
308,<function selu at 0x7f5bf5c0bba0>,128,0.75,0.0001,350,"[5000, 2500, 1000, 250, 125]",<class 'torch.optim.adamw.AdamW'>,50,0.0,0.0001,0.45901639344262296,0.7962962962962963
585,<function selu at 0x7f5bf5c0bba0>,64,0.8,0.0001,250,"[5000, 2500, 1000, 250, 125]",<class 'torch.optim.adamw.AdamW'>,50,1e-05,0.0001,0.45901639344262296,0.7962962962962963
584,<function selu at 0x7f5bf5c0bba0>,64,0.8,0.0001,250,"[5000, 2500, 1000, 250, 125]",<class 'torch.optim.adamw.AdamW'>,50,0.0,0.0001,0.45901639344262296,0.7962962962962963
383,<function selu at 0x7f5bf5c0bba0>,128,0.8,0.0001,350,"[5000, 2500, 1000, 250, 50]",<class 'torch.optim.adamw.AdamW'>,50,1e-05,0.0001,0.45901639344262296,0.7962962962962963
580,<function selu at 0x7f5bf5c0bba0>,64,0.8,0.0001,200,"[5000, 2500, 1000, 250, 50]",<class 'torch.optim.adamw.AdamW'>,50,0.0,0.0001,0.45901639344262296,0.7962962962962963
234,<function selu at 0x7f5bf5c0bba0>,128,0.7,0.0001,350,"[5000, 2500, 1000, 250]",<class 'torch.optim.adamw.AdamW'>,50,0.0,0.0001,0.45901639344262296,0.7962962962962963
309,<function selu at 0x7f5bf5c0bba0>,128,0.75,0.0001,350,"[5000, 2500, 1000, 250, 125]",<class 'torch.optim.adamw.AdamW'>,50,1e-05,0.0001,0.45901639344262296,0.7962962962962963
86,<function selu at 0x7f5bf5c0bba0>,256,0.75,0.0001,300,"[5000, 2500, 1000, 250, 125]",<class 'torch.optim.adamw.AdamW'>,50,0.0,0.0001,0.45901639344262296,0.7962962962962963
382,<function selu at 0x7f5bf5c0bba0>,128,0.8,0.0001,350,"[5000, 2500, 1000, 250, 50]",<class 'torch.optim.adamw.AdamW'>,50,0.0,0.0001,0.45901639344262296,0.7962962962962963
229,<function selu at 0x7f5bf5c0bba0>,128,0.7,0.0001,300,"[5000, 2500, 1000, 250]",<class 'torch.optim.adamw.AdamW'>,50,1e-05,0.0001,0.45901639344262296,0.7962962962962963
2,<function selu at 0x7f5bf5c0bba0>,256,0.7,0.0001,200,"[5000, 2500, 1000, 250, 125]",<class 'torch.optim.adamw.AdamW'>,50,0.0,0.0001,0.45901639344262296,0.7962962962962963
3,<function selu at 0x7f5bf5c0bba0>,256,0.7,0.0001,200,"[5000, 2500, 1000, 250, 125]",<class 'torch.optim.adamw.AdamW'>,50,1e-05,0.0001,0.45901639344262296,0.7962962962962963
92,<function selu at 0x7f5bf5c0bba0>,256,0.75,0.0001,350,"[5000, 2500, 1000, 250, 125]",<class 'torch.optim.adamw.AdamW'>,50,0.0,0.0001,0.45901639344262296,0.7962962962962963
93,<function selu at 0x7f5bf5c0bba0>,256,0.75,0.0001,350,"[5000, 2500, 1000, 250, 125]",<class 'torch.optim.adamw.AdamW'>,50,1e-05,0.0001,0.45901639344262296,0.7962962962962963
94,<function selu at 0x7f5bf5c0bba0>,256,0.75,0.0001,350,"[5000, 2500, 1000, 250, 50]",<class 'torch.optim.adamw.AdamW'>,50,0.0,0.0001,0.45901639344262296,0.7962962962962963
95,<function selu at 0x7f5bf5c0bba0>,256,0.75,0.0001,350,"[5000, 2500, 1000, 250, 50]",<class 'torch.optim.adamw.AdamW'>,50,1e-05,0.0001,0.45901639344262296,0.7962962962962963
220,<function selu at 0x7f5bf5c0bba0>,128,0.7,0.0001,200,"[5000, 2500, 1000, 250, 50]",<class 'torch.optim.adamw.AdamW'>,50,0.0,0.0001,0.45901639344262296,0.7962962962962963
79,<function selu at 0x7f5bf5c0bba0>,256,0.75,0.0001,250,"[5000, 2500, 1000, 250]",<class 'torch.optim.adamw.AdamW'>,50,1e-05,0.0001,0.45901639344262296,0.7962962962962963
221,<function selu at 0x7f5bf5c0bba0>,128,0.7,0.0001,200,"[5000, 2500, 1000, 250, 50]",<class 'torch.optim.adamw.AdamW'>,50,1e-05,0.0001,0.45901639344262296,0.7962962962962963
78,<function selu at 0x7f5bf5c0bba0>,256,0.75,0.0001,250,"[5000, 2500, 1000, 250]",<class 'torch.optim.adamw.AdamW'>,50,0.0,0.0001,0.45901639344262296,0.7962962962962963
599,<function selu at 0x7f5bf5c0bba0>,64,0.8,0.0001,350,"[5000, 2500, 1000, 250, 50]",<class 'torch.optim.adamw.AdamW'>,50,1e-05,0.0001,0.45901639344262296,0.7962962962962963
598,<function selu at 0x7f5bf5c0bba0>,64,0.8,0.0001,350,"[5000, 2500, 1000, 250, 50]",<class 'torch.optim.adamw.AdamW'>,50,0.0,0.0001,0.45901639344262296,0.7962962962962963
222,<function selu at 0x7f5bf5c0bba0>,128,0.7,0.0001,250,"[5000, 2500, 1000, 250]",<class 'torch.optim.adamw.AdamW'>,50,0.0,0.0001,0.45901639344262296,0.7962962962962963
223,<function selu at 0x7f5bf5c0bba0>,128,0.7,0.0001,250,"[5000, 2500, 1000, 250]",<class 'torch.optim.adamw.AdamW'>,50,1e-05,0.0001,0.45901639344262296,0.7962962962962963
8,<function selu at 0x7f5bf5c0bba0>,256,0.7,0.0001,250,"[5000, 2500, 1000, 250, 125]",<class 'torch.optim.adamw.AdamW'>,50,0.0,0.0001,0.45901639344262296,0.7962962962962963
9,<function selu at 0x7f5bf5c0bba0>,256,0.7,0.0001,250,"[5000, 2500, 1000, 250, 125]",<class 'torch.optim.adamw.AdamW'>,50,1e-05,0.0001,0.45901639344262296,0.7962962962962963
292,<function selu at 0x7f5bf5c0bba0>,128,0.75,0.0001,200,"[5000, 2500, 1000, 250, 50]",<class 'torch.optim.adamw.AdamW'>,50,0.0,0.0001,0.45901639344262296,0.7962962962962963
228,<function selu at 0x7f5bf5c0bba0>,128,0.7,0.0001,300,"[5000, 2500, 1000, 250]",<class 'torch.optim.adamw.AdamW'>,50,0.0,0.0001,0.45901639344262296,0.7962962962962963
293,<function selu at 0x7f5bf5c0bba0>,128,0.75,0.0001,200,"[5000, 2500, 1000, 250, 50]",<class 'torch.optim.adamw.AdamW'>,50,1e-05,0.0001,0.45901639344262296,0.7962962962962963
617,<function selu at 0x7f5bf5c0bba0>,64,0.8,0.001,300,"[5000, 2500, 1000, 250, 50]",<class 'torch.optim.adamw.AdamW'>,50,1e-05,0.0001,0.45714285714285713,0.7654320987654321
616,<function selu at 0x7f5bf5c0bba0>,64,0.8,0.001,300,"[5000, 2500, 1000, 250, 50]",<class 'torch.optim.adamw.AdamW'>,50,0.0,0.0001,0.45714285714285713,0.7654320987654321
390,<function selu at 0x7f5bf5c0bba0>,128,0.8,0.001,250,"[5000, 2500, 1000, 250]",<class 'torch.optim.adamw.AdamW'>,50,0.0,0.0001,0.45714285714285713,0.7654320987654321
391,<function selu at 0x7f5bf5c0bba0>,128,0.8,0.001,250,"[5000, 2500, 1000, 250]",<class 'torch.optim.adamw.AdamW'>,50,1e-05,0.0001,0.45714285714285713,0.7654320987654321
307,<function selu at 0x7f5bf5c0bba0>,128,0.75,0.0001,350,"[5000, 2500, 1000, 250]",<class 'torch.optim.adamw.AdamW'>,50,1e-05,0.0001,0.45161290322580644,0.7901234567901234
15,<function selu at 0x7f5bf5c0bba0>,256,0.7,0.0001,300,"[5000, 2500, 1000, 250, 125]",<class 'torch.optim.adamw.AdamW'>,50,1e-05,0.0001,0.45161290322580644,0.7901234567901234
506,<function selu at 0x7f5bf5c0bba0>,64,0.75,0.0001,200,"[5000, 2500, 1000, 250, 125]",<class 'torch.optim.adamw.AdamW'>,50,0.0,0.0001,0.45161290322580644,0.7901234567901234
507,<function selu at 0x7f5bf5c0bba0>,64,0.75,0.0001,200,"[5000, 2500, 1000, 250, 125]",<class 'torch.optim.adamw.AdamW'>,50,1e-05,0.0001,0.45161290322580644,0.7901234567901234
590,<function selu at 0x7f5bf5c0bba0>,64,0.8,0.0001,300,"[5000, 2500, 1000, 250, 125]",<class 'torch.optim.adamw.AdamW'>,50,0.0,0.0001,0.45161290322580644,0.7901234567901234
591,<function selu at 0x7f5bf5c0bba0>,64,0.8,0.0001,300,"[5000, 2500, 1000, 250, 125]",<class 'torch.optim.adamw.AdamW'>,50,1e-05,0.0001,0.45161290322580644,0.7901234567901234
592,<function selu at 0x7f5bf5c0bba0>,64,0.8,0.0001,300,"[5000, 2500, 1000, 250, 50]",<class 'torch.optim.adamw.AdamW'>,50,0.0,0.0001,0.45161290322580644,0.7901234567901234
593,<function selu at 0x7f5bf5c0bba0>,64,0.8,0.0001,300,"[5000, 2500, 1000, 250, 50]",<class 'torch.optim.adamw.AdamW'>,50,1e-05,0.0001,0.45161290322580644,0.7901234567901234
14,<function selu at 0x7f5bf5c0bba0>,256,0.7,0.0001,300,"[5000, 2500, 1000, 250, 125]",<class 'torch.optim.adamw.AdamW'>,50,0.0,0.0001,0.45161290322580644,0.7901234567901234
509,<function selu at 0x7f5bf5c0bba0>,64,0.75,0.0001,200,"[5000, 2500, 1000, 250, 50]",<class 'torch.optim.adamw.AdamW'>,50,1e-05,0.0001,0.45161290322580644,0.7901234567901234
596,<function selu at 0x7f5bf5c0bba0>,64,0.8,0.0001,350,"[5000, 2500, 1000, 250, 125]",<class 'torch.optim.adamw.AdamW'>,50,0.0,0.0001,0.45161290322580644,0.7901234567901234
597,<function selu at 0x7f5bf5c0bba0>,64,0.8,0.0001,350,"[5000, 2500, 1000, 250, 125]",<class 'torch.optim.adamw.AdamW'>,50,1e-05,0.0001,0.45161290322580644,0.7901234567901234
450,<function selu at 0x7f5bf5c0bba0>,64,0.7,0.0001,350,"[5000, 2500, 1000, 250]",<class 'torch.optim.adamw.AdamW'>,50,0.0,0.0001,0.45161290322580644,0.7901234567901234
444,<function selu at 0x7f5bf5c0bba0>,64,0.7,0.0001,300,"[5000, 2500, 1000, 250]",<class 'torch.optim.adamw.AdamW'>,50,0.0,0.0001,0.45161290322580644,0.7901234567901234
445,<function selu at 0x7f5bf5c0bba0>,64,0.7,0.0001,300,"[5000, 2500, 1000, 250]",<class 'torch.optim.adamw.AdamW'>,50,1e-05,0.0001,0.45161290322580644,0.7901234567901234
217,<function selu at 0x7f5bf5c0bba0>,128,0.7,0.0001,200,"[5000, 2500, 1000, 250]",<class 'torch.optim.adamw.AdamW'>,50,1e-05,0.0001,0.45161290322580644,0.7901234567901234
216,<function selu at 0x7f5bf5c0bba0>,128,0.7,0.0001,200,"[5000, 2500, 1000, 250]",<class 'torch.optim.adamw.AdamW'>,50,0.0,0.0001,0.45161290322580644,0.7901234567901234
508,<function selu at 0x7f5bf5c0bba0>,64,0.75,0.0001,200,"[5000, 2500, 1000, 250, 50]",<class 'torch.optim.adamw.AdamW'>,50,0.0,0.0001,0.45161290322580644,0.7901234567901234
451,<function selu at 0x7f5bf5c0bba0>,64,0.7,0.0001,350,"[5000, 2500, 1000, 250]",<class 'torch.optim.adamw.AdamW'>,50,1e-05,0.0001,0.45161290322580644,0.7901234567901234
306,<function selu at 0x7f5bf5c0bba0>,128,0.75,0.0001,350,"[5000, 2500, 1000, 250]",<class 'torch.optim.adamw.AdamW'>,50,0.0,0.0001,0.45161290322580644,0.7901234567901234
305,<function selu at 0x7f5bf5c0bba0>,128,0.75,0.0001,300,"[5000, 2500, 1000, 250, 50]",<class 'torch.optim.adamw.AdamW'>,50,1e-05,0.0001,0.45161290322580644,0.7901234567901234
301,<function selu at 0x7f5bf5c0bba0>,128,0.75,0.0001,300,"[5000, 2500, 1000, 250]",<class 'torch.optim.adamw.AdamW'>,50,1e-05,0.0001,0.45161290322580644,0.7901234567901234
304,<function selu at 0x7f5bf5c0bba0>,128,0.75,0.0001,300,"[5000, 2500, 1000, 250, 50]",<class 'torch.optim.adamw.AdamW'>,50,0.0,0.0001,0.45161290322580644,0.7901234567901234
300,<function selu at 0x7f5bf5c0bba0>,128,0.75,0.0001,300,"[5000, 2500, 1000, 250]",<class 'torch.optim.adamw.AdamW'>,50,0.0,0.0001,0.45161290322580644,0.7901234567901234
263,<function selu at 0x7f5bf5c0bba0>,128,0.7,0.001,350,"[5000, 2500, 1000, 250, 50]",<class 'torch.optim.adamw.AdamW'>,50,1e-05,0.0001,0.4507042253521127,0.7592592592592593
262,<function selu at 0x7f5bf5c0bba0>,128,0.7,0.001,350,"[5000, 2500, 1000, 250, 50]",<class 'torch.optim.adamw.AdamW'>,50,0.0,0.0001,0.4507042253521127,0.7592592592592593
410,<function selu at 0x7f5bf5c0bba0>,128,0.8,0.01,200,"[5000, 2500, 1000, 250, 125]",<class 'torch.optim.adamw.AdamW'>,50,0.0,0.0001,0.45,0.7283950617283951
411,<function selu at 0x7f5bf5c0bba0>,128,0.8,0.01,200,"[5000, 2500, 1000, 250, 125]",<class 'torch.optim.adamw.AdamW'>,50,1e-05,0.0001,0.45,0.7283950617283951
225,<function selu at 0x7f5bf5c0bba0>,128,0.7,0.0001,250,"[5000, 2500, 1000, 250, 125]",<class 'torch.optim.adamw.AdamW'>,50,1e-05,0.0001,0.4482758620689655,0.8024691358024691
367,<function selu at 0x7f5bf5c0bba0>,128,0.8,0.0001,250,"[5000, 2500, 1000, 250]",<class 'torch.optim.adamw.AdamW'>,50,1e-05,0.0001,0.4482758620689655,0.8024691358024691
231,<function selu at 0x7f5bf5c0bba0>,128,0.7,0.0001,300,"[5000, 2500, 1000, 250, 125]",<class 'torch.optim.adamw.AdamW'>,50,1e-05,0.0001,0.4482758620689655,0.8024691358024691
224,<function selu at 0x7f5bf5c0bba0>,128,0.7,0.0001,250,"[5000, 2500, 1000, 250, 125]",<class 'torch.optim.adamw.AdamW'>,50,0.0,0.0001,0.4482758620689655,0.8024691358024691
366,<function selu at 0x7f5bf5c0bba0>,128,0.8,0.0001,250,"[5000, 2500, 1000, 250]",<class 'torch.optim.adamw.AdamW'>,50,0.0,0.0001,0.4482758620689655,0.8024691358024691
372,<function selu at 0x7f5bf5c0bba0>,128,0.8,0.0001,300,"[5000, 2500, 1000, 250]",<class 'torch.optim.adamw.AdamW'>,50,0.0,0.0001,0.4482758620689655,0.8024691358024691
373,<function selu at 0x7f5bf5c0bba0>,128,0.8,0.0001,300,"[5000, 2500, 1000, 250]",<class 'torch.optim.adamw.AdamW'>,50,1e-05,0.0001,0.4482758620689655,0.8024691358024691
230,<function selu at 0x7f5bf5c0bba0>,128,0.7,0.0001,300,"[5000, 2500, 1000, 250, 125]",<class 'torch.optim.adamw.AdamW'>,50,0.0,0.0001,0.4482758620689655,0.8024691358024691
236,<function selu at 0x7f5bf5c0bba0>,128,0.7,0.0001,350,"[5000, 2500, 1000, 250, 125]",<class 'torch.optim.adamw.AdamW'>,50,0.0,0.0001,0.4482758620689655,0.8024691358024691
237,<function selu at 0x7f5bf5c0bba0>,128,0.7,0.0001,350,"[5000, 2500, 1000, 250, 125]",<class 'torch.optim.adamw.AdamW'>,50,1e-05,0.0001,0.4482758620689655,0.8024691358024691
610,<function selu at 0x7f5bf5c0bba0>,64,0.8,0.001,250,"[5000, 2500, 1000, 250, 50]",<class 'torch.optim.adamw.AdamW'>,50,0.0,0.0001,0.44776119402985076,0.7716049382716049
535,<function selu at 0x7f5bf5c0bba0>,64,0.75,0.001,250,"[5000, 2500, 1000, 250]",<class 'torch.optim.adamw.AdamW'>,50,1e-05,0.0001,0.44776119402985076,0.7716049382716049
534,<function selu at 0x7f5bf5c0bba0>,64,0.75,0.001,250,"[5000, 2500, 1000, 250]",<class 'torch.optim.adamw.AdamW'>,50,0.0,0.0001,0.44776119402985076,0.7716049382716049
611,<function selu at 0x7f5bf5c0bba0>,64,0.8,0.001,250,"[5000, 2500, 1000, 250, 50]",<class 'torch.optim.adamw.AdamW'>,50,1e-05,0.0001,0.44776119402985076,0.7716049382716049
5,<function selu at 0x7f5bf5c0bba0>,256,0.7,0.0001,200,"[5000, 2500, 1000, 250, 50]",<class 'torch.optim.adamw.AdamW'>,50,1e-05,0.0001,0.4444444444444444,0.7839506172839507
439,<function selu at 0x7f5bf5c0bba0>,64,0.7,0.0001,250,"[5000, 2500, 1000, 250]",<class 'torch.optim.adamw.AdamW'>,50,1e-05,0.0001,0.4444444444444444,0.7839506172839507
89,<function selu at 0x7f5bf5c0bba0>,256,0.75,0.0001,300,"[5000, 2500, 1000, 250, 50]",<class 'torch.optim.adamw.AdamW'>,50,1e-05,0.0001,0.4444444444444444,0.7839506172839507
88,<function selu at 0x7f5bf5c0bba0>,256,0.75,0.0001,300,"[5000, 2500, 1000, 250, 50]",<class 'torch.optim.adamw.AdamW'>,50,0.0,0.0001,0.4444444444444444,0.7839506172839507
438,<function selu at 0x7f5bf5c0bba0>,64,0.7,0.0001,250,"[5000, 2500, 1000, 250]",<class 'torch.optim.adamw.AdamW'>,50,0.0,0.0001,0.4444444444444444,0.7839506172839507
23,<function selu at 0x7f5bf5c0bba0>,256,0.7,0.0001,350,"[5000, 2500, 1000, 250, 50]",<class 'torch.optim.adamw.AdamW'>,50,1e-05,0.0001,0.4444444444444444,0.7839506172839507
22,<function selu at 0x7f5bf5c0bba0>,256,0.7,0.0001,350,"[5000, 2500, 1000, 250, 50]",<class 'torch.optim.adamw.AdamW'>,50,0.0,0.0001,0.4444444444444444,0.7839506172839507
16,<function selu at 0x7f5bf5c0bba0>,256,0.7,0.0001,300,"[5000, 2500, 1000, 250, 50]",<class 'torch.optim.adamw.AdamW'>,50,0.0,0.0001,0.4444444444444444,0.7839506172839507
17,<function selu at 0x7f5bf5c0bba0>,256,0.7,0.0001,300,"[5000, 2500, 1000, 250, 50]",<class 'torch.optim.adamw.AdamW'>,50,1e-05,0.0001,0.4444444444444444,0.7839506172839507
4,<function selu at 0x7f5bf5c0bba0>,256,0.7,0.0001,200,"[5000, 2500, 1000, 250, 50]",<class 'torch.optim.adamw.AdamW'>,50,0.0,0.0001,0.4444444444444444,0.7839506172839507
385,<function selu at 0x7f5bf5c0bba0>,128,0.8,0.001,200,"[5000, 2500, 1000, 250]",<class 'torch.optim.adamw.AdamW'>,50,1e-05,0.0001,0.4411764705882353,0.7654320987654321
471,<function selu at 0x7f5bf5c0bba0>,64,0.7,0.001,300,"[5000, 2500, 1000, 250, 125]",<class 'torch.optim.adamw.AdamW'>,50,1e-05,0.0001,0.4411764705882353,0.7654320987654321
384,<function selu at 0x7f5bf5c0bba0>,128,0.8,0.001,200,"[5000, 2500, 1000, 250]",<class 'torch.optim.adamw.AdamW'>,50,0.0,0.0001,0.4411764705882353,0.7654320987654321
470,<function selu at 0x7f5bf5c0bba0>,64,0.7,0.001,300,"[5000, 2500, 1000, 250, 125]",<class 'torch.optim.adamw.AdamW'>,50,0.0,0.0001,0.4411764705882353,0.7654320987654321
1,<function selu at 0x7f5bf5c0bba0>,256,0.7,0.0001,200,"[5000, 2500, 1000, 250]",<class 'torch.optim.adamw.AdamW'>,50,1e-05,0.0001,0.4406779661016949,0.7962962962962963
525,<function selu at 0x7f5bf5c0bba0>,64,0.75,0.0001,350,"[5000, 2500, 1000, 250, 125]",<class 'torch.optim.adamw.AdamW'>,50,1e-05,0.0001,0.4406779661016949,0.7962962962962963
505,<function selu at 0x7f5bf5c0bba0>,64,0.75,0.0001,200,"[5000, 2500, 1000, 250]",<class 'torch.optim.adamw.AdamW'>,50,1e-05,0.0001,0.4406779661016949,0.7962962962962963
524,<function selu at 0x7f5bf5c0bba0>,64,0.75,0.0001,350,"[5000, 2500, 1000, 250, 125]",<class 'torch.optim.adamw.AdamW'>,50,0.0,0.0001,0.4406779661016949,0.7962962962962963
504,<function selu at 0x7f5bf5c0bba0>,64,0.75,0.0001,200,"[5000, 2500, 1000, 250]",<class 'torch.optim.adamw.AdamW'>,50,0.0,0.0001,0.4406779661016949,0.7962962962962963
0,<function selu at 0x7f5bf5c0bba0>,256,0.7,0.0001,200,"[5000, 2500, 1000, 250]",<class 'torch.optim.adamw.AdamW'>,50,0.0,0.0001,0.4406779661016949,0.7962962962962963
440,<function selu at 0x7f5bf5c0bba0>,64,0.7,0.0001,250,"[5000, 2500, 1000, 250, 125]",<class 'torch.optim.adamw.AdamW'>,50,0.0,0.0001,0.4406779661016949,0.7962962962962963
90,<function selu at 0x7f5bf5c0bba0>,256,0.75,0.0001,350,"[5000, 2500, 1000, 250]",<class 'torch.optim.adamw.AdamW'>,50,0.0,0.0001,0.4406779661016949,0.7962962962962963
91,<function selu at 0x7f5bf5c0bba0>,256,0.75,0.0001,350,"[5000, 2500, 1000, 250]",<class 'torch.optim.adamw.AdamW'>,50,1e-05,0.0001,0.4406779661016949,0.7962962962962963
6,<function selu at 0x7f5bf5c0bba0>,256,0.7,0.0001,250,"[5000, 2500, 1000, 250]",<class 'torch.optim.adamw.AdamW'>,50,0.0,0.0001,0.4406779661016949,0.7962962962962963
7,<function selu at 0x7f5bf5c0bba0>,256,0.7,0.0001,250,"[5000, 2500, 1000, 250]",<class 'torch.optim.adamw.AdamW'>,50,1e-05,0.0001,0.4406779661016949,0.7962962962962963
435,<function selu at 0x7f5bf5c0bba0>,64,0.7,0.0001,200,"[5000, 2500, 1000, 250, 125]",<class 'torch.optim.adamw.AdamW'>,50,1e-05,0.0001,0.4406779661016949,0.7962962962962963
434,<function selu at 0x7f5bf5c0bba0>,64,0.7,0.0001,200,"[5000, 2500, 1000, 250, 125]",<class 'torch.optim.adamw.AdamW'>,50,0.0,0.0001,0.4406779661016949,0.7962962962962963
441,<function selu at 0x7f5bf5c0bba0>,64,0.7,0.0001,250,"[5000, 2500, 1000, 250, 125]",<class 'torch.optim.adamw.AdamW'>,50,1e-05,0.0001,0.4406779661016949,0.7962962962962963
146,<function selu at 0x7f5bf5c0bba0>,256,0.8,0.0001,200,"[5000, 2500, 1000, 250, 125]",<class 'torch.optim.adamw.AdamW'>,50,0.0,0.0001,0.43902439024390244,0.7160493827160493
147,<function selu at 0x7f5bf5c0bba0>,256,0.8,0.0001,200,"[5000, 2500, 1000, 250, 125]",<class 'torch.optim.adamw.AdamW'>,50,1e-05,0.0001,0.43902439024390244,0.7160493827160493
612,<function selu at 0x7f5bf5c0bba0>,64,0.8,0.001,300,"[5000, 2500, 1000, 250]",<class 'torch.optim.adamw.AdamW'>,50,0.0,0.0001,0.4375,0.7777777777777778
542,<function selu at 0x7f5bf5c0bba0>,64,0.75,0.001,300,"[5000, 2500, 1000, 250, 125]",<class 'torch.optim.adamw.AdamW'>,50,0.0,0.0001,0.4375,0.7777777777777778
543,<function selu at 0x7f5bf5c0bba0>,64,0.75,0.001,300,"[5000, 2500, 1000, 250, 125]",<class 'torch.optim.adamw.AdamW'>,50,1e-05,0.0001,0.4375,0.7777777777777778
135,<function selu at 0x7f5bf5c0bba0>,256,0.75,0.01,300,"[5000, 2500, 1000, 250, 125]",<class 'torch.optim.adamw.AdamW'>,50,1e-05,0.0001,0.4375,0.7777777777777778
613,<function selu at 0x7f5bf5c0bba0>,64,0.8,0.001,300,"[5000, 2500, 1000, 250]",<class 'torch.optim.adamw.AdamW'>,50,1e-05,0.0001,0.4375,0.7777777777777778
134,<function selu at 0x7f5bf5c0bba0>,256,0.75,0.01,300,"[5000, 2500, 1000, 250, 125]",<class 'torch.optim.adamw.AdamW'>,50,0.0,0.0001,0.4375,0.7777777777777778
624,<function selu at 0x7f5bf5c0bba0>,64,0.8,0.01,200,"[5000, 2500, 1000, 250]",<class 'torch.optim.adamw.AdamW'>,50,0.0,0.0001,0.43636363636363634,0.808641975308642
625,<function selu at 0x7f5bf5c0bba0>,64,0.8,0.01,200,"[5000, 2500, 1000, 250]",<class 'torch.optim.adamw.AdamW'>,50,1e-05,0.0001,0.43636363636363634,0.808641975308642
409,<function selu at 0x7f5bf5c0bba0>,128,0.8,0.01,200,"[5000, 2500, 1000, 250]",<class 'torch.optim.adamw.AdamW'>,50,1e-05,0.0001,0.43478260869565216,0.7592592592592593
618,<function selu at 0x7f5bf5c0bba0>,64,0.8,0.001,350,"[5000, 2500, 1000, 250]",<class 'torch.optim.adamw.AdamW'>,50,0.0,0.0001,0.43478260869565216,0.7592592592592593
408,<function selu at 0x7f5bf5c0bba0>,128,0.8,0.01,200,"[5000, 2500, 1000, 250]",<class 'torch.optim.adamw.AdamW'>,50,0.0,0.0001,0.43478260869565216,0.7592592592592593
619,<function selu at 0x7f5bf5c0bba0>,64,0.8,0.001,350,"[5000, 2500, 1000, 250]",<class 'torch.optim.adamw.AdamW'>,50,1e-05,0.0001,0.43478260869565216,0.7592592592592593
205,<function selu at 0x7f5bf5c0bba0>,256,0.8,0.01,300,"[5000, 2500, 1000, 250]",<class 'torch.optim.adamw.AdamW'>,50,1e-05,0.0001,0.43478260869565216,0.8395061728395061
204,<function selu at 0x7f5bf5c0bba0>,256,0.8,0.01,300,"[5000, 2500, 1000, 250]",<class 'torch.optim.adamw.AdamW'>,50,0.0,0.0001,0.43478260869565216,0.8395061728395061
511,<function selu at 0x7f5bf5c0bba0>,64,0.75,0.0001,250,"[5000, 2500, 1000, 250]",<class 'torch.optim.adamw.AdamW'>,50,1e-05,0.0001,0.43333333333333335,0.7901234567901234
517,<function selu at 0x7f5bf5c0bba0>,64,0.75,0.0001,300,"[5000, 2500, 1000, 250]",<class 'torch.optim.adamw.AdamW'>,50,1e-05,0.0001,0.43333333333333335,0.7901234567901234
84,<function selu at 0x7f5bf5c0bba0>,256,0.75,0.0001,300,"[5000, 2500, 1000, 250]",<class 'torch.optim.adamw.AdamW'>,50,0.0,0.0001,0.43333333333333335,0.7901234567901234
85,<function selu at 0x7f5bf5c0bba0>,256,0.75,0.0001,300,"[5000, 2500, 1000, 250]",<class 'torch.optim.adamw.AdamW'>,50,1e-05,0.0001,0.43333333333333335,0.7901234567901234
452,<function selu at 0x7f5bf5c0bba0>,64,0.7,0.0001,350,"[5000, 2500, 1000, 250, 125]",<class 'torch.optim.adamw.AdamW'>,50,0.0,0.0001,0.43333333333333335,0.7901234567901234
514,<function selu at 0x7f5bf5c0bba0>,64,0.75,0.0001,250,"[5000, 2500, 1000, 250, 50]",<class 'torch.optim.adamw.AdamW'>,50,0.0,0.0001,0.43333333333333335,0.7901234567901234
513,<function selu at 0x7f5bf5c0bba0>,64,0.75,0.0001,250,"[5000, 2500, 1000, 250, 125]",<class 'torch.optim.adamw.AdamW'>,50,1e-05,0.0001,0.43333333333333335,0.7901234567901234
515,<function selu at 0x7f5bf5c0bba0>,64,0.75,0.0001,250,"[5000, 2500, 1000, 250, 50]",<class 'torch.optim.adamw.AdamW'>,50,1e-05,0.0001,0.43333333333333335,0.7901234567901234
512,<function selu at 0x7f5bf5c0bba0>,64,0.75,0.0001,250,"[5000, 2500, 1000, 250, 125]",<class 'torch.optim.adamw.AdamW'>,50,0.0,0.0001,0.43333333333333335,0.7901234567901234
453,<function selu at 0x7f5bf5c0bba0>,64,0.7,0.0001,350,"[5000, 2500, 1000, 250, 125]",<class 'torch.optim.adamw.AdamW'>,50,1e-05,0.0001,0.43333333333333335,0.7901234567901234
516,<function selu at 0x7f5bf5c0bba0>,64,0.75,0.0001,300,"[5000, 2500, 1000, 250]",<class 'torch.optim.adamw.AdamW'>,50,0.0,0.0001,0.43333333333333335,0.7901234567901234
447,<function selu at 0x7f5bf5c0bba0>,64,0.7,0.0001,300,"[5000, 2500, 1000, 250, 125]",<class 'torch.optim.adamw.AdamW'>,50,1e-05,0.0001,0.43333333333333335,0.7901234567901234
446,<function selu at 0x7f5bf5c0bba0>,64,0.7,0.0001,300,"[5000, 2500, 1000, 250, 125]",<class 'torch.optim.adamw.AdamW'>,50,0.0,0.0001,0.43333333333333335,0.7901234567901234
288,<function selu at 0x7f5bf5c0bba0>,128,0.75,0.0001,200,"[5000, 2500, 1000, 250]",<class 'torch.optim.adamw.AdamW'>,50,0.0,0.0001,0.43333333333333335,0.7901234567901234
510,<function selu at 0x7f5bf5c0bba0>,64,0.75,0.0001,250,"[5000, 2500, 1000, 250]",<class 'torch.optim.adamw.AdamW'>,50,0.0,0.0001,0.43333333333333335,0.7901234567901234
289,<function selu at 0x7f5bf5c0bba0>,128,0.75,0.0001,200,"[5000, 2500, 1000, 250]",<class 'torch.optim.adamw.AdamW'>,50,1e-05,0.0001,0.43333333333333335,0.7901234567901234
245,<function selu at 0x7f5bf5c0bba0>,128,0.7,0.001,200,"[5000, 2500, 1000, 250, 50]",<class 'torch.optim.adamw.AdamW'>,50,1e-05,0.0001,0.43243243243243246,0.7407407407407407
198,<function selu at 0x7f5bf5c0bba0>,256,0.8,0.01,250,"[5000, 2500, 1000, 250]",<class 'torch.optim.adamw.AdamW'>,50,0.0,0.0001,0.43243243243243246,0.7407407407407407
44,<function selu at 0x7f5bf5c0bba0>,256,0.7,0.001,350,"[5000, 2500, 1000, 250, 125]",<class 'torch.optim.adamw.AdamW'>,50,0.0,0.0001,0.43243243243243246,0.7407407407407407
199,<function selu at 0x7f5bf5c0bba0>,256,0.8,0.01,250,"[5000, 2500, 1000, 250]",<class 'torch.optim.adamw.AdamW'>,50,1e-05,0.0001,0.43243243243243246,0.7407407407407407
244,<function selu at 0x7f5bf5c0bba0>,128,0.7,0.001,200,"[5000, 2500, 1000, 250, 50]",<class 'torch.optim.adamw.AdamW'>,50,0.0,0.0001,0.43243243243243246,0.7407407407407407
45,<function selu at 0x7f5bf5c0bba0>,256,0.7,0.001,350,"[5000, 2500, 1000, 250, 125]",<class 'torch.optim.adamw.AdamW'>,50,1e-05,0.0001,0.43243243243243246,0.7407407407407407
123,<function selu at 0x7f5bf5c0bba0>,256,0.75,0.01,200,"[5000, 2500, 1000, 250, 125]",<class 'torch.optim.adamw.AdamW'>,50,1e-05,0.0001,0.4307692307692308,0.7716049382716049
122,<function selu at 0x7f5bf5c0bba0>,256,0.75,0.01,200,"[5000, 2500, 1000, 250, 125]",<class 'torch.optim.adamw.AdamW'>,50,0.0,0.0001,0.4307692307692308,0.7716049382716049
332,<function selu at 0x7f5bf5c0bba0>,128,0.75,0.001,350,"[5000, 2500, 1000, 250, 125]",<class 'torch.optim.adamw.AdamW'>,50,0.0,0.0001,0.42857142857142855,0.7530864197530864
333,<function selu at 0x7f5bf5c0bba0>,128,0.75,0.001,350,"[5000, 2500, 1000, 250, 125]",<class 'torch.optim.adamw.AdamW'>,50,1e-05,0.0001,0.42857142857142855,0.7530864197530864
520,<function selu at 0x7f5bf5c0bba0>,64,0.75,0.0001,300,"[5000, 2500, 1000, 250, 50]",<class 'torch.optim.adamw.AdamW'>,50,0.0,0.0001,0.4262295081967213,0.7839506172839507
521,<function selu at 0x7f5bf5c0bba0>,64,0.75,0.0001,300,"[5000, 2500, 1000, 250, 50]",<class 'torch.optim.adamw.AdamW'>,50,1e-05,0.0001,0.4262295081967213,0.7839506172839507
519,<function selu at 0x7f5bf5c0bba0>,64,0.75,0.0001,300,"[5000, 2500, 1000, 250, 125]",<class 'torch.optim.adamw.AdamW'>,50,1e-05,0.0001,0.4262295081967213,0.7839506172839507
523,<function selu at 0x7f5bf5c0bba0>,64,0.75,0.0001,350,"[5000, 2500, 1000, 250]",<class 'torch.optim.adamw.AdamW'>,50,1e-05,0.0001,0.4262295081967213,0.7839506172839507
226,<function selu at 0x7f5bf5c0bba0>,128,0.7,0.0001,250,"[5000, 2500, 1000, 250, 50]",<class 'torch.optim.adamw.AdamW'>,50,0.0,0.0001,0.4262295081967213,0.7839506172839507
227,<function selu at 0x7f5bf5c0bba0>,128,0.7,0.0001,250,"[5000, 2500, 1000, 250, 50]",<class 'torch.optim.adamw.AdamW'>,50,1e-05,0.0001,0.4262295081967213,0.7839506172839507
518,<function selu at 0x7f5bf5c0bba0>,64,0.75,0.0001,300,"[5000, 2500, 1000, 250, 125]",<class 'torch.optim.adamw.AdamW'>,50,0.0,0.0001,0.4262295081967213,0.7839506172839507
522,<function selu at 0x7f5bf5c0bba0>,64,0.75,0.0001,350,"[5000, 2500, 1000, 250]",<class 'torch.optim.adamw.AdamW'>,50,0.0,0.0001,0.4262295081967213,0.7839506172839507
454,<function selu at 0x7f5bf5c0bba0>,64,0.7,0.0001,350,"[5000, 2500, 1000, 250, 50]",<class 'torch.optim.adamw.AdamW'>,50,0.0,0.0001,0.4262295081967213,0.7839506172839507
238,<function selu at 0x7f5bf5c0bba0>,128,0.7,0.0001,350,"[5000, 2500, 1000, 250, 50]",<class 'torch.optim.adamw.AdamW'>,50,0.0,0.0001,0.4262295081967213,0.7839506172839507
311,<function selu at 0x7f5bf5c0bba0>,128,0.75,0.0001,350,"[5000, 2500, 1000, 250, 50]",<class 'torch.optim.adamw.AdamW'>,50,1e-05,0.0001,0.4262295081967213,0.7839506172839507
310,<function selu at 0x7f5bf5c0bba0>,128,0.75,0.0001,350,"[5000, 2500, 1000, 250, 50]",<class 'torch.optim.adamw.AdamW'>,50,0.0,0.0001,0.4262295081967213,0.7839506172839507
232,<function selu at 0x7f5bf5c0bba0>,128,0.7,0.0001,300,"[5000, 2500, 1000, 250, 50]",<class 'torch.optim.adamw.AdamW'>,50,0.0,0.0001,0.4262295081967213,0.7839506172839507
233,<function selu at 0x7f5bf5c0bba0>,128,0.7,0.0001,300,"[5000, 2500, 1000, 250, 50]",<class 'torch.optim.adamw.AdamW'>,50,1e-05,0.0001,0.4262295081967213,0.7839506172839507
295,<function selu at 0x7f5bf5c0bba0>,128,0.75,0.0001,250,"[5000, 2500, 1000, 250]",<class 'torch.optim.adamw.AdamW'>,50,1e-05,0.0001,0.4262295081967213,0.7839506172839507
455,<function selu at 0x7f5bf5c0bba0>,64,0.7,0.0001,350,"[5000, 2500, 1000, 250, 50]",<class 'torch.optim.adamw.AdamW'>,50,1e-05,0.0001,0.4262295081967213,0.7839506172839507
239,<function selu at 0x7f5bf5c0bba0>,128,0.7,0.0001,350,"[5000, 2500, 1000, 250, 50]",<class 'torch.optim.adamw.AdamW'>,50,1e-05,0.0001,0.4262295081967213,0.7839506172839507
294,<function selu at 0x7f5bf5c0bba0>,128,0.75,0.0001,250,"[5000, 2500, 1000, 250]",<class 'torch.optim.adamw.AdamW'>,50,0.0,0.0001,0.4262295081967213,0.7839506172839507
537,<function selu at 0x7f5bf5c0bba0>,64,0.75,0.001,250,"[5000, 2500, 1000, 250, 125]",<class 'torch.optim.adamw.AdamW'>,50,1e-05,0.0001,0.42424242424242425,0.7654320987654321
536,<function selu at 0x7f5bf5c0bba0>,64,0.75,0.001,250,"[5000, 2500, 1000, 250, 125]",<class 'torch.optim.adamw.AdamW'>,50,0.0,0.0001,0.42424242424242425,0.7654320987654321
253,<function selu at 0x7f5bf5c0bba0>,128,0.7,0.001,300,"[5000, 2500, 1000, 250]",<class 'torch.optim.adamw.AdamW'>,50,1e-05,0.0001,0.4225352112676056,0.7469135802469136
252,<function selu at 0x7f5bf5c0bba0>,128,0.7,0.001,300,"[5000, 2500, 1000, 250]",<class 'torch.optim.adamw.AdamW'>,50,0.0,0.0001,0.4225352112676056,0.7469135802469136
461,<function selu at 0x7f5bf5c0bba0>,64,0.7,0.001,200,"[5000, 2500, 1000, 250, 50]",<class 'torch.optim.adamw.AdamW'>,50,1e-05,0.0001,0.4225352112676056,0.7469135802469136
460,<function selu at 0x7f5bf5c0bba0>,64,0.7,0.001,200,"[5000, 2500, 1000, 250, 50]",<class 'torch.optim.adamw.AdamW'>,50,0.0,0.0001,0.4225352112676056,0.7469135802469136
551,<function selu at 0x7f5bf5c0bba0>,64,0.75,0.001,350,"[5000, 2500, 1000, 250, 50]",<class 'torch.optim.adamw.AdamW'>,50,1e-05,0.0001,0.4225352112676056,0.7469135802469136
550,<function selu at 0x7f5bf5c0bba0>,64,0.75,0.001,350,"[5000, 2500, 1000, 250, 50]",<class 'torch.optim.adamw.AdamW'>,50,0.0,0.0001,0.4225352112676056,0.7469135802469136
529,<function selu at 0x7f5bf5c0bba0>,64,0.75,0.001,200,"[5000, 2500, 1000, 250]",<class 'torch.optim.adamw.AdamW'>,50,1e-05,0.0001,0.4225352112676056,0.7469135802469136
528,<function selu at 0x7f5bf5c0bba0>,64,0.75,0.001,200,"[5000, 2500, 1000, 250]",<class 'torch.optim.adamw.AdamW'>,50,0.0,0.0001,0.4225352112676056,0.7469135802469136
437,<function selu at 0x7f5bf5c0bba0>,64,0.7,0.0001,200,"[5000, 2500, 1000, 250, 50]",<class 'torch.optim.adamw.AdamW'>,50,1e-05,0.0001,0.41935483870967744,0.7777777777777778
436,<function selu at 0x7f5bf5c0bba0>,64,0.7,0.0001,200,"[5000, 2500, 1000, 250, 50]",<class 'torch.optim.adamw.AdamW'>,50,0.0,0.0001,0.41935483870967744,0.7777777777777778
449,<function selu at 0x7f5bf5c0bba0>,64,0.7,0.0001,300,"[5000, 2500, 1000, 250, 50]",<class 'torch.optim.adamw.AdamW'>,50,1e-05,0.0001,0.41935483870967744,0.7777777777777778
433,<function selu at 0x7f5bf5c0bba0>,64,0.7,0.0001,200,"[5000, 2500, 1000, 250]",<class 'torch.optim.adamw.AdamW'>,50,1e-05,0.0001,0.41935483870967744,0.7777777777777778
526,<function selu at 0x7f5bf5c0bba0>,64,0.75,0.0001,350,"[5000, 2500, 1000, 250, 50]",<class 'torch.optim.adamw.AdamW'>,50,0.0,0.0001,0.41935483870967744,0.7777777777777778
546,<function selu at 0x7f5bf5c0bba0>,64,0.75,0.001,350,"[5000, 2500, 1000, 250]",<class 'torch.optim.adamw.AdamW'>,50,0.0,0.0001,0.41935483870967744,0.7777777777777778
547,<function selu at 0x7f5bf5c0bba0>,64,0.75,0.001,350,"[5000, 2500, 1000, 250]",<class 'torch.optim.adamw.AdamW'>,50,1e-05,0.0001,0.41935483870967744,0.7777777777777778
448,<function selu at 0x7f5bf5c0bba0>,64,0.7,0.0001,300,"[5000, 2500, 1000, 250, 50]",<class 'torch.optim.adamw.AdamW'>,50,0.0,0.0001,0.41935483870967744,0.7777777777777778
443,<function selu at 0x7f5bf5c0bba0>,64,0.7,0.0001,250,"[5000, 2500, 1000, 250, 50]",<class 'torch.optim.adamw.AdamW'>,50,1e-05,0.0001,0.41935483870967744,0.7777777777777778
442,<function selu at 0x7f5bf5c0bba0>,64,0.7,0.0001,250,"[5000, 2500, 1000, 250, 50]",<class 'torch.optim.adamw.AdamW'>,50,0.0,0.0001,0.41935483870967744,0.7777777777777778
527,<function selu at 0x7f5bf5c0bba0>,64,0.75,0.0001,350,"[5000, 2500, 1000, 250, 50]",<class 'torch.optim.adamw.AdamW'>,50,1e-05,0.0001,0.41935483870967744,0.7777777777777778
432,<function selu at 0x7f5bf5c0bba0>,64,0.7,0.0001,200,"[5000, 2500, 1000, 250]",<class 'torch.optim.adamw.AdamW'>,50,0.0,0.0001,0.41935483870967744,0.7777777777777778
462,<function selu at 0x7f5bf5c0bba0>,64,0.7,0.001,250,"[5000, 2500, 1000, 250]",<class 'torch.optim.adamw.AdamW'>,50,0.0,0.0001,0.417910447761194,0.7592592592592593
463,<function selu at 0x7f5bf5c0bba0>,64,0.7,0.001,250,"[5000, 2500, 1000, 250]",<class 'torch.optim.adamw.AdamW'>,50,1e-05,0.0001,0.417910447761194,0.7592592592592593
402,<function selu at 0x7f5bf5c0bba0>,128,0.8,0.001,350,"[5000, 2500, 1000, 250]",<class 'torch.optim.adamw.AdamW'>,50,0.0,0.0001,0.4166666666666667,0.7407407407407407
403,<function selu at 0x7f5bf5c0bba0>,128,0.8,0.001,350,"[5000, 2500, 1000, 250]",<class 'torch.optim.adamw.AdamW'>,50,1e-05,0.0001,0.4166666666666667,0.7407407407407407
178,<function selu at 0x7f5bf5c0bba0>,256,0.8,0.001,250,"[5000, 2500, 1000, 250, 50]",<class 'torch.optim.adamw.AdamW'>,50,0.0,0.0001,0.4166666666666667,0.7407407407407407
179,<function selu at 0x7f5bf5c0bba0>,256,0.8,0.001,250,"[5000, 2500, 1000, 250, 50]",<class 'torch.optim.adamw.AdamW'>,50,1e-05,0.0001,0.4166666666666667,0.7407407407407407
474,<function selu at 0x7f5bf5c0bba0>,64,0.7,0.001,350,"[5000, 2500, 1000, 250]",<class 'torch.optim.adamw.AdamW'>,50,0.0,0.0001,0.4166666666666667,0.7407407407407407
475,<function selu at 0x7f5bf5c0bba0>,64,0.7,0.001,350,"[5000, 2500, 1000, 250]",<class 'torch.optim.adamw.AdamW'>,50,1e-05,0.0001,0.4166666666666667,0.7407407407407407
476,<function selu at 0x7f5bf5c0bba0>,64,0.7,0.001,350,"[5000, 2500, 1000, 250, 125]",<class 'torch.optim.adamw.AdamW'>,50,0.0,0.0001,0.4117647058823529,0.7530864197530864
602,<function selu at 0x7f5bf5c0bba0>,64,0.8,0.001,200,"[5000, 2500, 1000, 250, 125]",<class 'torch.optim.adamw.AdamW'>,50,0.0,0.0001,0.4117647058823529,0.7530864197530864
603,<function selu at 0x7f5bf5c0bba0>,64,0.8,0.001,200,"[5000, 2500, 1000, 250, 125]",<class 'torch.optim.adamw.AdamW'>,50,1e-05,0.0001,0.4117647058823529,0.7530864197530864
604,<function selu at 0x7f5bf5c0bba0>,64,0.8,0.001,200,"[5000, 2500, 1000, 250, 50]",<class 'torch.optim.adamw.AdamW'>,50,0.0,0.0001,0.4117647058823529,0.7530864197530864
605,<function selu at 0x7f5bf5c0bba0>,64,0.8,0.001,200,"[5000, 2500, 1000, 250, 50]",<class 'torch.optim.adamw.AdamW'>,50,1e-05,0.0001,0.4117647058823529,0.7530864197530864
477,<function selu at 0x7f5bf5c0bba0>,64,0.7,0.001,350,"[5000, 2500, 1000, 250, 125]",<class 'torch.optim.adamw.AdamW'>,50,1e-05,0.0001,0.4117647058823529,0.7530864197530864
321,<function selu at 0x7f5bf5c0bba0>,128,0.75,0.001,250,"[5000, 2500, 1000, 250, 125]",<class 'torch.optim.adamw.AdamW'>,50,1e-05,0.0001,0.410958904109589,0.7345679012345679
249,<function selu at 0x7f5bf5c0bba0>,128,0.7,0.001,250,"[5000, 2500, 1000, 250, 125]",<class 'torch.optim.adamw.AdamW'>,50,1e-05,0.0001,0.410958904109589,0.7345679012345679
248,<function selu at 0x7f5bf5c0bba0>,128,0.7,0.001,250,"[5000, 2500, 1000, 250, 125]",<class 'torch.optim.adamw.AdamW'>,50,0.0,0.0001,0.410958904109589,0.7345679012345679
320,<function selu at 0x7f5bf5c0bba0>,128,0.75,0.001,250,"[5000, 2500, 1000, 250, 125]",<class 'torch.optim.adamw.AdamW'>,50,0.0,0.0001,0.410958904109589,0.7345679012345679
172,<function selu at 0x7f5bf5c0bba0>,256,0.8,0.001,200,"[5000, 2500, 1000, 250, 50]",<class 'torch.optim.adamw.AdamW'>,50,0.0,0.0001,0.410958904109589,0.7345679012345679
173,<function selu at 0x7f5bf5c0bba0>,256,0.8,0.001,200,"[5000, 2500, 1000, 250, 50]",<class 'torch.optim.adamw.AdamW'>,50,1e-05,0.0001,0.410958904109589,0.7345679012345679
115,<function selu at 0x7f5bf5c0bba0>,256,0.75,0.001,350,"[5000, 2500, 1000, 250]",<class 'torch.optim.adamw.AdamW'>,50,1e-05,0.0001,0.41025641025641024,0.7160493827160493
114,<function selu at 0x7f5bf5c0bba0>,256,0.75,0.001,350,"[5000, 2500, 1000, 250]",<class 'torch.optim.adamw.AdamW'>,50,0.0,0.0001,0.41025641025641024,0.7160493827160493
420,<function selu at 0x7f5bf5c0bba0>,128,0.8,0.01,300,"[5000, 2500, 1000, 250]",<class 'torch.optim.adamw.AdamW'>,50,0.0,0.0001,0.4067796610169492,0.5679012345679012
421,<function selu at 0x7f5bf5c0bba0>,128,0.8,0.01,300,"[5000, 2500, 1000, 250]",<class 'torch.optim.adamw.AdamW'>,50,1e-05,0.0001,0.4067796610169492,0.5679012345679012
609,<function selu at 0x7f5bf5c0bba0>,64,0.8,0.001,250,"[5000, 2500, 1000, 250, 125]",<class 'torch.optim.adamw.AdamW'>,50,1e-05,0.0001,0.40625,0.7654320987654321
608,<function selu at 0x7f5bf5c0bba0>,64,0.8,0.001,250,"[5000, 2500, 1000, 250, 125]",<class 'torch.optim.adamw.AdamW'>,50,0.0,0.0001,0.40625,0.7654320987654321
396,<function selu at 0x7f5bf5c0bba0>,128,0.8,0.001,300,"[5000, 2500, 1000, 250]",<class 'torch.optim.adamw.AdamW'>,50,0.0,0.0001,0.4057971014492754,0.7469135802469136
392,<function selu at 0x7f5bf5c0bba0>,128,0.8,0.001,250,"[5000, 2500, 1000, 250, 125]",<class 'torch.optim.adamw.AdamW'>,50,0.0,0.0001,0.4057971014492754,0.7469135802469136
406,<function selu at 0x7f5bf5c0bba0>,128,0.8,0.001,350,"[5000, 2500, 1000, 250, 50]",<class 'torch.optim.adamw.AdamW'>,50,0.0,0.0001,0.4057971014492754,0.7469135802469136
407,<function selu at 0x7f5bf5c0bba0>,128,0.8,0.001,350,"[5000, 2500, 1000, 250, 50]",<class 'torch.optim.adamw.AdamW'>,50,1e-05,0.0001,0.4057971014492754,0.7469135802469136
335,<function selu at 0x7f5bf5c0bba0>,128,0.75,0.001,350,"[5000, 2500, 1000, 250, 50]",<class 'torch.optim.adamw.AdamW'>,50,1e-05,0.0001,0.4057971014492754,0.7469135802469136
334,<function selu at 0x7f5bf5c0bba0>,128,0.75,0.001,350,"[5000, 2500, 1000, 250, 50]",<class 'torch.optim.adamw.AdamW'>,50,0.0,0.0001,0.4057971014492754,0.7469135802469136
538,<function selu at 0x7f5bf5c0bba0>,64,0.75,0.001,250,"[5000, 2500, 1000, 250, 50]",<class 'torch.optim.adamw.AdamW'>,50,0.0,0.0001,0.4057971014492754,0.7469135802469136
397,<function selu at 0x7f5bf5c0bba0>,128,0.8,0.001,300,"[5000, 2500, 1000, 250]",<class 'torch.optim.adamw.AdamW'>,50,1e-05,0.0001,0.4057971014492754,0.7469135802469136
539,<function selu at 0x7f5bf5c0bba0>,64,0.75,0.001,250,"[5000, 2500, 1000, 250, 50]",<class 'torch.optim.adamw.AdamW'>,50,1e-05,0.0001,0.4057971014492754,0.7469135802469136
606,<function selu at 0x7f5bf5c0bba0>,64,0.8,0.001,250,"[5000, 2500, 1000, 250]",<class 'torch.optim.adamw.AdamW'>,50,0.0,0.0001,0.4057971014492754,0.7469135802469136
607,<function selu at 0x7f5bf5c0bba0>,64,0.8,0.001,250,"[5000, 2500, 1000, 250]",<class 'torch.optim.adamw.AdamW'>,50,1e-05,0.0001,0.4057971014492754,0.7469135802469136
393,<function selu at 0x7f5bf5c0bba0>,128,0.8,0.001,250,"[5000, 2500, 1000, 250, 125]",<class 'torch.optim.adamw.AdamW'>,50,1e-05,0.0001,0.4057971014492754,0.7469135802469136
312,<function selu at 0x7f5bf5c0bba0>,128,0.75,0.001,200,"[5000, 2500, 1000, 250]",<class 'torch.optim.adamw.AdamW'>,50,0.0,0.0001,0.4057971014492754,0.7469135802469136
313,<function selu at 0x7f5bf5c0bba0>,128,0.75,0.001,200,"[5000, 2500, 1000, 250]",<class 'torch.optim.adamw.AdamW'>,50,1e-05,0.0001,0.4057971014492754,0.7469135802469136
395,<function selu at 0x7f5bf5c0bba0>,128,0.8,0.001,250,"[5000, 2500, 1000, 250, 50]",<class 'torch.optim.adamw.AdamW'>,50,1e-05,0.0001,0.40540540540540543,0.7283950617283951
183,<function selu at 0x7f5bf5c0bba0>,256,0.8,0.001,300,"[5000, 2500, 1000, 250, 125]",<class 'torch.optim.adamw.AdamW'>,50,1e-05,0.0001,0.40540540540540543,0.7283950617283951
182,<function selu at 0x7f5bf5c0bba0>,256,0.8,0.001,300,"[5000, 2500, 1000, 250, 125]",<class 'torch.optim.adamw.AdamW'>,50,0.0,0.0001,0.40540540540540543,0.7283950617283951
394,<function selu at 0x7f5bf5c0bba0>,128,0.8,0.001,250,"[5000, 2500, 1000, 250, 50]",<class 'torch.optim.adamw.AdamW'>,50,0.0,0.0001,0.40540540540540543,0.7283950617283951
68,<function selu at 0x7f5bf5c0bba0>,256,0.7,0.01,350,"[5000, 2500, 1000, 250, 125]",<class 'torch.optim.adamw.AdamW'>,50,0.0,0.0001,0.4,0.7777777777777778
400,<function selu at 0x7f5bf5c0bba0>,128,0.8,0.001,300,"[5000, 2500, 1000, 250, 50]",<class 'torch.optim.adamw.AdamW'>,50,0.0,0.0001,0.4,0.7407407407407407
188,<function selu at 0x7f5bf5c0bba0>,256,0.8,0.001,350,"[5000, 2500, 1000, 250, 125]",<class 'torch.optim.adamw.AdamW'>,50,0.0,0.0001,0.4,0.7407407407407407
401,<function selu at 0x7f5bf5c0bba0>,128,0.8,0.001,300,"[5000, 2500, 1000, 250, 50]",<class 'torch.optim.adamw.AdamW'>,50,1e-05,0.0001,0.4,0.7407407407407407
168,<function selu at 0x7f5bf5c0bba0>,256,0.8,0.001,200,"[5000, 2500, 1000, 250]",<class 'torch.optim.adamw.AdamW'>,50,0.0,0.0001,0.4,0.7222222222222222
472,<function selu at 0x7f5bf5c0bba0>,64,0.7,0.001,300,"[5000, 2500, 1000, 250, 50]",<class 'torch.optim.adamw.AdamW'>,50,0.0,0.0001,0.4,0.7592592592592593
169,<function selu at 0x7f5bf5c0bba0>,256,0.8,0.001,200,"[5000, 2500, 1000, 250]",<class 'torch.optim.adamw.AdamW'>,50,1e-05,0.0001,0.4,0.7222222222222222
69,<function selu at 0x7f5bf5c0bba0>,256,0.7,0.01,350,"[5000, 2500, 1000, 250, 125]",<class 'torch.optim.adamw.AdamW'>,50,1e-05,0.0001,0.4,0.7777777777777778
387,<function selu at 0x7f5bf5c0bba0>,128,0.8,0.001,200,"[5000, 2500, 1000, 250, 125]",<class 'torch.optim.adamw.AdamW'>,50,1e-05,0.0001,0.4,0.7407407407407407
129,<function selu at 0x7f5bf5c0bba0>,256,0.75,0.01,250,"[5000, 2500, 1000, 250, 125]",<class 'torch.optim.adamw.AdamW'>,50,1e-05,0.0001,0.4,0.8518518518518519
386,<function selu at 0x7f5bf5c0bba0>,128,0.8,0.001,200,"[5000, 2500, 1000, 250, 125]",<class 'torch.optim.adamw.AdamW'>,50,0.0,0.0001,0.4,0.7407407407407407
128,<function selu at 0x7f5bf5c0bba0>,256,0.75,0.01,250,"[5000, 2500, 1000, 250, 125]",<class 'torch.optim.adamw.AdamW'>,50,0.0,0.0001,0.4,0.8518518518518519
473,<function selu at 0x7f5bf5c0bba0>,64,0.7,0.001,300,"[5000, 2500, 1000, 250, 50]",<class 'torch.optim.adamw.AdamW'>,50,1e-05,0.0001,0.4,0.7592592592592593
338,<function selu at 0x7f5bf5c0bba0>,128,0.75,0.01,200,"[5000, 2500, 1000, 250, 125]",<class 'torch.optim.adamw.AdamW'>,50,0.0,0.0001,0.4,0.5370370370370371
254,<function selu at 0x7f5bf5c0bba0>,128,0.7,0.001,300,"[5000, 2500, 1000, 250, 125]",<class 'torch.optim.adamw.AdamW'>,50,0.0,0.0001,0.4,0.7592592592592593
318,<function selu at 0x7f5bf5c0bba0>,128,0.75,0.001,250,"[5000, 2500, 1000, 250]",<class 'torch.optim.adamw.AdamW'>,50,0.0,0.0001,0.4,0.7407407407407407
319,<function selu at 0x7f5bf5c0bba0>,128,0.75,0.001,250,"[5000, 2500, 1000, 250]",<class 'torch.optim.adamw.AdamW'>,50,1e-05,0.0001,0.4,0.7407407407407407
423,<function selu at 0x7f5bf5c0bba0>,128,0.8,0.01,300,"[5000, 2500, 1000, 250, 125]",<class 'torch.optim.adamw.AdamW'>,50,1e-05,0.0001,0.4,0.7222222222222222
326,<function selu at 0x7f5bf5c0bba0>,128,0.75,0.001,300,"[5000, 2500, 1000, 250, 125]",<class 'torch.optim.adamw.AdamW'>,50,0.0,0.0001,0.4,0.7222222222222222
327,<function selu at 0x7f5bf5c0bba0>,128,0.75,0.001,300,"[5000, 2500, 1000, 250, 125]",<class 'torch.optim.adamw.AdamW'>,50,1e-05,0.0001,0.4,0.7222222222222222
621,<function selu at 0x7f5bf5c0bba0>,64,0.8,0.001,350,"[5000, 2500, 1000, 250, 125]",<class 'torch.optim.adamw.AdamW'>,50,1e-05,0.0001,0.4,0.7407407407407407
620,<function selu at 0x7f5bf5c0bba0>,64,0.8,0.001,350,"[5000, 2500, 1000, 250, 125]",<class 'torch.optim.adamw.AdamW'>,50,0.0,0.0001,0.4,0.7407407407407407
339,<function selu at 0x7f5bf5c0bba0>,128,0.75,0.01,200,"[5000, 2500, 1000, 250, 125]",<class 'torch.optim.adamw.AdamW'>,50,1e-05,0.0001,0.4,0.5370370370370371
255,<function selu at 0x7f5bf5c0bba0>,128,0.7,0.001,300,"[5000, 2500, 1000, 250, 125]",<class 'torch.optim.adamw.AdamW'>,50,1e-05,0.0001,0.4,0.7592592592592593
189,<function selu at 0x7f5bf5c0bba0>,256,0.8,0.001,350,"[5000, 2500, 1000, 250, 125]",<class 'torch.optim.adamw.AdamW'>,50,1e-05,0.0001,0.4,0.7407407407407407
422,<function selu at 0x7f5bf5c0bba0>,128,0.8,0.01,300,"[5000, 2500, 1000, 250, 125]",<class 'torch.optim.adamw.AdamW'>,50,0.0,0.0001,0.4,0.7222222222222222
191,<function selu at 0x7f5bf5c0bba0>,256,0.8,0.001,350,"[5000, 2500, 1000, 250, 50]",<class 'torch.optim.adamw.AdamW'>,50,1e-05,0.0001,0.39473684210526316,0.7160493827160493
190,<function selu at 0x7f5bf5c0bba0>,256,0.8,0.001,350,"[5000, 2500, 1000, 250, 50]",<class 'torch.optim.adamw.AdamW'>,50,0.0,0.0001,0.39473684210526316,0.7160493827160493
98,<function selu at 0x7f5bf5c0bba0>,256,0.75,0.001,200,"[5000, 2500, 1000, 250, 125]",<class 'torch.optim.adamw.AdamW'>,50,0.0,0.0001,0.39473684210526316,0.7160493827160493
184,<function selu at 0x7f5bf5c0bba0>,256,0.8,0.001,300,"[5000, 2500, 1000, 250, 50]",<class 'torch.optim.adamw.AdamW'>,50,0.0,0.0001,0.39473684210526316,0.7160493827160493
99,<function selu at 0x7f5bf5c0bba0>,256,0.75,0.001,200,"[5000, 2500, 1000, 250, 125]",<class 'torch.optim.adamw.AdamW'>,50,1e-05,0.0001,0.39473684210526316,0.7160493827160493
185,<function selu at 0x7f5bf5c0bba0>,256,0.8,0.001,300,"[5000, 2500, 1000, 250, 50]",<class 'torch.optim.adamw.AdamW'>,50,1e-05,0.0001,0.39473684210526316,0.7160493827160493
187,<function selu at 0x7f5bf5c0bba0>,256,0.8,0.001,350,"[5000, 2500, 1000, 250]",<class 'torch.optim.adamw.AdamW'>,50,1e-05,0.0001,0.39473684210526316,0.7160493827160493
186,<function selu at 0x7f5bf5c0bba0>,256,0.8,0.001,350,"[5000, 2500, 1000, 250]",<class 'torch.optim.adamw.AdamW'>,50,0.0,0.0001,0.39473684210526316,0.7160493827160493
541,<function selu at 0x7f5bf5c0bba0>,64,0.75,0.001,300,"[5000, 2500, 1000, 250]",<class 'torch.optim.adamw.AdamW'>,50,1e-05,0.0001,0.39436619718309857,0.7345679012345679
240,<function selu at 0x7f5bf5c0bba0>,128,0.7,0.001,200,"[5000, 2500, 1000, 250]",<class 'torch.optim.adamw.AdamW'>,50,0.0,0.0001,0.39436619718309857,0.7345679012345679
100,<function selu at 0x7f5bf5c0bba0>,256,0.75,0.001,200,"[5000, 2500, 1000, 250, 50]",<class 'torch.optim.adamw.AdamW'>,50,0.0,0.0001,0.39436619718309857,0.7345679012345679
101,<function selu at 0x7f5bf5c0bba0>,256,0.75,0.001,200,"[5000, 2500, 1000, 250, 50]",<class 'torch.optim.adamw.AdamW'>,50,1e-05,0.0001,0.39436619718309857,0.7345679012345679
330,<function selu at 0x7f5bf5c0bba0>,128,0.75,0.001,350,"[5000, 2500, 1000, 250]",<class 'torch.optim.adamw.AdamW'>,50,0.0,0.0001,0.39436619718309857,0.7345679012345679
257,<function selu at 0x7f5bf5c0bba0>,128,0.7,0.001,300,"[5000, 2500, 1000, 250, 50]",<class 'torch.optim.adamw.AdamW'>,50,1e-05,0.0001,0.39436619718309857,0.7345679012345679
256,<function selu at 0x7f5bf5c0bba0>,128,0.7,0.001,300,"[5000, 2500, 1000, 250, 50]",<class 'torch.optim.adamw.AdamW'>,50,0.0,0.0001,0.39436619718309857,0.7345679012345679
540,<function selu at 0x7f5bf5c0bba0>,64,0.75,0.001,300,"[5000, 2500, 1000, 250]",<class 'torch.optim.adamw.AdamW'>,50,0.0,0.0001,0.39436619718309857,0.7345679012345679
241,<function selu at 0x7f5bf5c0bba0>,128,0.7,0.001,200,"[5000, 2500, 1000, 250]",<class 'torch.optim.adamw.AdamW'>,50,1e-05,0.0001,0.39436619718309857,0.7345679012345679
176,<function selu at 0x7f5bf5c0bba0>,256,0.8,0.001,250,"[5000, 2500, 1000, 250, 125]",<class 'torch.optim.adamw.AdamW'>,50,0.0,0.0001,0.39436619718309857,0.7345679012345679
177,<function selu at 0x7f5bf5c0bba0>,256,0.8,0.001,250,"[5000, 2500, 1000, 250, 125]",<class 'torch.optim.adamw.AdamW'>,50,1e-05,0.0001,0.39436619718309857,0.7345679012345679
331,<function selu at 0x7f5bf5c0bba0>,128,0.75,0.001,350,"[5000, 2500, 1000, 250]",<class 'torch.optim.adamw.AdamW'>,50,1e-05,0.0001,0.39436619718309857,0.7345679012345679
47,<function selu at 0x7f5bf5c0bba0>,256,0.7,0.001,350,"[5000, 2500, 1000, 250, 50]",<class 'torch.optim.adamw.AdamW'>,50,1e-05,0.0001,0.38961038961038963,0.7098765432098766
181,<function selu at 0x7f5bf5c0bba0>,256,0.8,0.001,300,"[5000, 2500, 1000, 250]",<class 'torch.optim.adamw.AdamW'>,50,1e-05,0.0001,0.38961038961038963,0.7098765432098766
46,<function selu at 0x7f5bf5c0bba0>,256,0.7,0.001,350,"[5000, 2500, 1000, 250, 50]",<class 'torch.optim.adamw.AdamW'>,50,0.0,0.0001,0.38961038961038963,0.7098765432098766
31,<function selu at 0x7f5bf5c0bba0>,256,0.7,0.001,250,"[5000, 2500, 1000, 250]",<class 'torch.optim.adamw.AdamW'>,50,1e-05,0.0001,0.38961038961038963,0.7098765432098766
30,<function selu at 0x7f5bf5c0bba0>,256,0.7,0.001,250,"[5000, 2500, 1000, 250]",<class 'torch.optim.adamw.AdamW'>,50,0.0,0.0001,0.38961038961038963,0.7098765432098766
29,<function selu at 0x7f5bf5c0bba0>,256,0.7,0.001,200,"[5000, 2500, 1000, 250, 50]",<class 'torch.optim.adamw.AdamW'>,50,1e-05,0.0001,0.38961038961038963,0.7098765432098766
28,<function selu at 0x7f5bf5c0bba0>,256,0.7,0.001,200,"[5000, 2500, 1000, 250, 50]",<class 'torch.optim.adamw.AdamW'>,50,0.0,0.0001,0.38961038961038963,0.7098765432098766
180,<function selu at 0x7f5bf5c0bba0>,256,0.8,0.001,300,"[5000, 2500, 1000, 250]",<class 'torch.optim.adamw.AdamW'>,50,0.0,0.0001,0.38961038961038963,0.7098765432098766
405,<function selu at 0x7f5bf5c0bba0>,128,0.8,0.001,350,"[5000, 2500, 1000, 250, 125]",<class 'torch.optim.adamw.AdamW'>,50,1e-05,0.0001,0.3888888888888889,0.7283950617283951
404,<function selu at 0x7f5bf5c0bba0>,128,0.8,0.001,350,"[5000, 2500, 1000, 250, 125]",<class 'torch.optim.adamw.AdamW'>,50,0.0,0.0001,0.3888888888888889,0.7283950617283951
532,<function selu at 0x7f5bf5c0bba0>,64,0.75,0.001,200,"[5000, 2500, 1000, 250, 50]",<class 'torch.optim.adamw.AdamW'>,50,0.0,0.0001,0.3888888888888889,0.7283950617283951
389,<function selu at 0x7f5bf5c0bba0>,128,0.8,0.001,200,"[5000, 2500, 1000, 250, 50]",<class 'torch.optim.adamw.AdamW'>,50,1e-05,0.0001,0.3888888888888889,0.7283950617283951
106,<function selu at 0x7f5bf5c0bba0>,256,0.75,0.001,250,"[5000, 2500, 1000, 250, 50]",<class 'torch.optim.adamw.AdamW'>,50,0.0,0.0001,0.3888888888888889,0.7283950617283951
107,<function selu at 0x7f5bf5c0bba0>,256,0.75,0.001,250,"[5000, 2500, 1000, 250, 50]",<class 'torch.optim.adamw.AdamW'>,50,1e-05,0.0001,0.3888888888888889,0.7283950617283951
388,<function selu at 0x7f5bf5c0bba0>,128,0.8,0.001,200,"[5000, 2500, 1000, 250, 50]",<class 'torch.optim.adamw.AdamW'>,50,0.0,0.0001,0.3888888888888889,0.7283950617283951
247,<function selu at 0x7f5bf5c0bba0>,128,0.7,0.001,250,"[5000, 2500, 1000, 250]",<class 'torch.optim.adamw.AdamW'>,50,1e-05,0.0001,0.3888888888888889,0.7283950617283951
246,<function selu at 0x7f5bf5c0bba0>,128,0.7,0.001,250,"[5000, 2500, 1000, 250]",<class 'torch.optim.adamw.AdamW'>,50,0.0,0.0001,0.3888888888888889,0.7283950617283951
533,<function selu at 0x7f5bf5c0bba0>,64,0.75,0.001,200,"[5000, 2500, 1000, 250, 50]",<class 'torch.optim.adamw.AdamW'>,50,1e-05,0.0001,0.3888888888888889,0.7283950617283951
261,<function selu at 0x7f5bf5c0bba0>,128,0.7,0.001,350,"[5000, 2500, 1000, 250, 125]",<class 'torch.optim.adamw.AdamW'>,50,1e-05,0.0001,0.3870967741935484,0.7654320987654321
260,<function selu at 0x7f5bf5c0bba0>,128,0.7,0.001,350,"[5000, 2500, 1000, 250, 125]",<class 'torch.optim.adamw.AdamW'>,50,0.0,0.0001,0.3870967741935484,0.7654320987654321
638,<function selu at 0x7f5bf5c0bba0>,64,0.8,0.01,300,"[5000, 2500, 1000, 250, 125]",<class 'torch.optim.adamw.AdamW'>,50,0.0,0.0001,0.38596491228070173,0.5679012345679012
639,<function selu at 0x7f5bf5c0bba0>,64,0.8,0.01,300,"[5000, 2500, 1000, 250, 125]",<class 'torch.optim.adamw.AdamW'>,50,1e-05,0.0001,0.38596491228070173,0.5679012345679012
42,<function selu at 0x7f5bf5c0bba0>,256,0.7,0.001,350,"[5000, 2500, 1000, 250]",<class 'torch.optim.adamw.AdamW'>,50,0.0,0.0001,0.38461538461538464,0.7037037037037037
43,<function selu at 0x7f5bf5c0bba0>,256,0.7,0.001,350,"[5000, 2500, 1000, 250]",<class 'torch.optim.adamw.AdamW'>,50,1e-05,0.0001,0.38461538461538464,0.7037037037037037
622,<function selu at 0x7f5bf5c0bba0>,64,0.8,0.001,350,"[5000, 2500, 1000, 250, 50]",<class 'torch.optim.adamw.AdamW'>,50,0.0,0.0001,0.3835616438356164,0.7222222222222222
314,<function selu at 0x7f5bf5c0bba0>,128,0.75,0.001,200,"[5000, 2500, 1000, 250, 125]",<class 'torch.optim.adamw.AdamW'>,50,0.0,0.0001,0.3835616438356164,0.7222222222222222
315,<function selu at 0x7f5bf5c0bba0>,128,0.75,0.001,200,"[5000, 2500, 1000, 250, 125]",<class 'torch.optim.adamw.AdamW'>,50,1e-05,0.0001,0.3835616438356164,0.7222222222222222
328,<function selu at 0x7f5bf5c0bba0>,128,0.75,0.001,300,"[5000, 2500, 1000, 250, 50]",<class 'torch.optim.adamw.AdamW'>,50,0.0,0.0001,0.3835616438356164,0.7222222222222222
623,<function selu at 0x7f5bf5c0bba0>,64,0.8,0.001,350,"[5000, 2500, 1000, 250, 50]",<class 'torch.optim.adamw.AdamW'>,50,1e-05,0.0001,0.3835616438356164,0.7222222222222222
170,<function selu at 0x7f5bf5c0bba0>,256,0.8,0.001,200,"[5000, 2500, 1000, 250, 125]",<class 'torch.optim.adamw.AdamW'>,50,0.0,0.0001,0.3835616438356164,0.7222222222222222
329,<function selu at 0x7f5bf5c0bba0>,128,0.75,0.001,300,"[5000, 2500, 1000, 250, 50]",<class 'torch.optim.adamw.AdamW'>,50,1e-05,0.0001,0.3835616438356164,0.7222222222222222
615,<function selu at 0x7f5bf5c0bba0>,64,0.8,0.001,300,"[5000, 2500, 1000, 250, 125]",<class 'torch.optim.adamw.AdamW'>,50,1e-05,0.0001,0.3835616438356164,0.7222222222222222
614,<function selu at 0x7f5bf5c0bba0>,64,0.8,0.001,300,"[5000, 2500, 1000, 250, 125]",<class 'torch.optim.adamw.AdamW'>,50,0.0,0.0001,0.3835616438356164,0.7222222222222222
175,<function selu at 0x7f5bf5c0bba0>,256,0.8,0.001,250,"[5000, 2500, 1000, 250]",<class 'torch.optim.adamw.AdamW'>,50,1e-05,0.0001,0.3835616438356164,0.7222222222222222
174,<function selu at 0x7f5bf5c0bba0>,256,0.8,0.001,250,"[5000, 2500, 1000, 250]",<class 'torch.optim.adamw.AdamW'>,50,0.0,0.0001,0.3835616438356164,0.7222222222222222
171,<function selu at 0x7f5bf5c0bba0>,256,0.8,0.001,200,"[5000, 2500, 1000, 250, 125]",<class 'torch.optim.adamw.AdamW'>,50,1e-05,0.0001,0.3835616438356164,0.7222222222222222
119,<function selu at 0x7f5bf5c0bba0>,256,0.75,0.001,350,"[5000, 2500, 1000, 250, 50]",<class 'torch.optim.adamw.AdamW'>,50,1e-05,0.0001,0.3835616438356164,0.7222222222222222
118,<function selu at 0x7f5bf5c0bba0>,256,0.75,0.001,350,"[5000, 2500, 1000, 250, 50]",<class 'torch.optim.adamw.AdamW'>,50,0.0,0.0001,0.3835616438356164,0.7222222222222222
469,<function selu at 0x7f5bf5c0bba0>,64,0.7,0.001,300,"[5000, 2500, 1000, 250]",<class 'torch.optim.adamw.AdamW'>,50,1e-05,0.0001,0.38235294117647056,0.7407407407407407
468,<function selu at 0x7f5bf5c0bba0>,64,0.7,0.001,300,"[5000, 2500, 1000, 250]",<class 'torch.optim.adamw.AdamW'>,50,0.0,0.0001,0.38235294117647056,0.7407407407407407
324,<function selu at 0x7f5bf5c0bba0>,128,0.75,0.001,300,"[5000, 2500, 1000, 250]",<class 'torch.optim.adamw.AdamW'>,50,0.0,0.0001,0.38235294117647056,0.7407407407407407
325,<function selu at 0x7f5bf5c0bba0>,128,0.75,0.001,300,"[5000, 2500, 1000, 250]",<class 'torch.optim.adamw.AdamW'>,50,1e-05,0.0001,0.38235294117647056,0.7407407407407407
478,<function selu at 0x7f5bf5c0bba0>,64,0.7,0.001,350,"[5000, 2500, 1000, 250, 50]",<class 'torch.optim.adamw.AdamW'>,50,0.0,0.0001,0.38095238095238093,0.7592592592592593
356,<function selu at 0x7f5bf5c0bba0>,128,0.75,0.01,350,"[5000, 2500, 1000, 250, 125]",<class 'torch.optim.adamw.AdamW'>,50,0.0,0.0001,0.38095238095238093,0.7592592592592593
357,<function selu at 0x7f5bf5c0bba0>,128,0.75,0.01,350,"[5000, 2500, 1000, 250, 125]",<class 'torch.optim.adamw.AdamW'>,50,1e-05,0.0001,0.38095238095238093,0.7592592592592593
479,<function selu at 0x7f5bf5c0bba0>,64,0.7,0.001,350,"[5000, 2500, 1000, 250, 50]",<class 'torch.optim.adamw.AdamW'>,50,1e-05,0.0001,0.38095238095238093,0.7592592592592593
323,<function selu at 0x7f5bf5c0bba0>,128,0.75,0.001,250,"[5000, 2500, 1000, 250, 50]",<class 'torch.optim.adamw.AdamW'>,50,1e-05,0.0001,0.379746835443038,0.6975308641975309
26,<function selu at 0x7f5bf5c0bba0>,256,0.7,0.001,200,"[5000, 2500, 1000, 250, 125]",<class 'torch.optim.adamw.AdamW'>,50,0.0,0.0001,0.379746835443038,0.6975308641975309
27,<function selu at 0x7f5bf5c0bba0>,256,0.7,0.001,200,"[5000, 2500, 1000, 250, 125]",<class 'torch.optim.adamw.AdamW'>,50,1e-05,0.0001,0.379746835443038,0.6975308641975309
32,<function selu at 0x7f5bf5c0bba0>,256,0.7,0.001,250,"[5000, 2500, 1000, 250, 125]",<class 'torch.optim.adamw.AdamW'>,50,0.0,0.0001,0.379746835443038,0.6975308641975309
322,<function selu at 0x7f5bf5c0bba0>,128,0.75,0.001,250,"[5000, 2500, 1000, 250, 50]",<class 'torch.optim.adamw.AdamW'>,50,0.0,0.0001,0.379746835443038,0.6975308641975309
108,<function selu at 0x7f5bf5c0bba0>,256,0.75,0.001,300,"[5000, 2500, 1000, 250]",<class 'torch.optim.adamw.AdamW'>,50,0.0,0.0001,0.379746835443038,0.6975308641975309
33,<function selu at 0x7f5bf5c0bba0>,256,0.7,0.001,250,"[5000, 2500, 1000, 250, 125]",<class 'torch.optim.adamw.AdamW'>,50,1e-05,0.0001,0.379746835443038,0.6975308641975309
109,<function selu at 0x7f5bf5c0bba0>,256,0.75,0.001,300,"[5000, 2500, 1000, 250]",<class 'torch.optim.adamw.AdamW'>,50,1e-05,0.0001,0.379746835443038,0.6975308641975309
243,<function selu at 0x7f5bf5c0bba0>,128,0.7,0.001,200,"[5000, 2500, 1000, 250, 125]",<class 'torch.optim.adamw.AdamW'>,50,1e-05,0.0001,0.3783783783783784,0.7160493827160493
104,<function selu at 0x7f5bf5c0bba0>,256,0.75,0.001,250,"[5000, 2500, 1000, 250, 125]",<class 'torch.optim.adamw.AdamW'>,50,0.0,0.0001,0.3783783783783784,0.7160493827160493
399,<function selu at 0x7f5bf5c0bba0>,128,0.8,0.001,300,"[5000, 2500, 1000, 250, 125]",<class 'torch.optim.adamw.AdamW'>,50,1e-05,0.0001,0.3783783783783784,0.7160493827160493
398,<function selu at 0x7f5bf5c0bba0>,128,0.8,0.001,300,"[5000, 2500, 1000, 250, 125]",<class 'torch.optim.adamw.AdamW'>,50,0.0,0.0001,0.3783783783783784,0.7160493827160493
242,<function selu at 0x7f5bf5c0bba0>,128,0.7,0.001,200,"[5000, 2500, 1000, 250, 125]",<class 'torch.optim.adamw.AdamW'>,50,0.0,0.0001,0.3783783783783784,0.7160493827160493
105,<function selu at 0x7f5bf5c0bba0>,256,0.75,0.001,250,"[5000, 2500, 1000, 250, 125]",<class 'torch.optim.adamw.AdamW'>,50,1e-05,0.0001,0.3783783783783784,0.7160493827160493
467,<function selu at 0x7f5bf5c0bba0>,64,0.7,0.001,250,"[5000, 2500, 1000, 250, 50]",<class 'torch.optim.adamw.AdamW'>,50,1e-05,0.0001,0.37681159420289856,0.7345679012345679
466,<function selu at 0x7f5bf5c0bba0>,64,0.7,0.001,250,"[5000, 2500, 1000, 250, 50]",<class 'torch.optim.adamw.AdamW'>,50,0.0,0.0001,0.37681159420289856,0.7345679012345679
120,<function selu at 0x7f5bf5c0bba0>,256,0.75,0.01,200,"[5000, 2500, 1000, 250]",<class 'torch.optim.adamw.AdamW'>,50,0.0,0.0001,0.37623762376237624,0.6111111111111112
121,<function selu at 0x7f5bf5c0bba0>,256,0.75,0.01,200,"[5000, 2500, 1000, 250]",<class 'torch.optim.adamw.AdamW'>,50,1e-05,0.0001,0.37623762376237624,0.6111111111111112
39,<function selu at 0x7f5bf5c0bba0>,256,0.7,0.001,300,"[5000, 2500, 1000, 250, 125]",<class 'torch.optim.adamw.AdamW'>,50,1e-05,0.0001,0.375,0.691358024691358
38,<function selu at 0x7f5bf5c0bba0>,256,0.7,0.001,300,"[5000, 2500, 1000, 250, 125]",<class 'torch.optim.adamw.AdamW'>,50,0.0,0.0001,0.375,0.691358024691358
35,<function selu at 0x7f5bf5c0bba0>,256,0.7,0.001,250,"[5000, 2500, 1000, 250, 50]",<class 'torch.optim.adamw.AdamW'>,50,1e-05,0.0001,0.375,0.691358024691358
34,<function selu at 0x7f5bf5c0bba0>,256,0.7,0.001,250,"[5000, 2500, 1000, 250, 50]",<class 'torch.optim.adamw.AdamW'>,50,0.0,0.0001,0.375,0.691358024691358
317,<function selu at 0x7f5bf5c0bba0>,128,0.75,0.001,200,"[5000, 2500, 1000, 250, 50]",<class 'torch.optim.adamw.AdamW'>,50,1e-05,0.0001,0.37333333333333335,0.7098765432098766
316,<function selu at 0x7f5bf5c0bba0>,128,0.75,0.001,200,"[5000, 2500, 1000, 250, 50]",<class 'torch.optim.adamw.AdamW'>,50,0.0,0.0001,0.37333333333333335,0.7098765432098766
210,<function selu at 0x7f5bf5c0bba0>,256,0.8,0.01,350,"[5000, 2500, 1000, 250]",<class 'torch.optim.adamw.AdamW'>,50,0.0,0.0001,0.37209302325581395,0.6666666666666666
211,<function selu at 0x7f5bf5c0bba0>,256,0.8,0.01,350,"[5000, 2500, 1000, 250]",<class 'torch.optim.adamw.AdamW'>,50,1e-05,0.0001,0.37209302325581395,0.6666666666666666
456,<function selu at 0x7f5bf5c0bba0>,64,0.7,0.001,200,"[5000, 2500, 1000, 250]",<class 'torch.optim.adamw.AdamW'>,50,0.0,0.0001,0.37142857142857144,0.7283950617283951
457,<function selu at 0x7f5bf5c0bba0>,64,0.7,0.001,200,"[5000, 2500, 1000, 250]",<class 'torch.optim.adamw.AdamW'>,50,1e-05,0.0001,0.37142857142857144,0.7283950617283951
458,<function selu at 0x7f5bf5c0bba0>,64,0.7,0.001,200,"[5000, 2500, 1000, 250, 125]",<class 'torch.optim.adamw.AdamW'>,50,0.0,0.0001,0.36923076923076925,0.7469135802469136
459,<function selu at 0x7f5bf5c0bba0>,64,0.7,0.001,200,"[5000, 2500, 1000, 250, 125]",<class 'torch.optim.adamw.AdamW'>,50,1e-05,0.0001,0.36923076923076925,0.7469135802469136
111,<function selu at 0x7f5bf5c0bba0>,256,0.75,0.001,300,"[5000, 2500, 1000, 250, 125]",<class 'torch.optim.adamw.AdamW'>,50,1e-05,0.0001,0.3684210526315789,0.7037037037037037
251,<function selu at 0x7f5bf5c0bba0>,128,0.7,0.001,250,"[5000, 2500, 1000, 250, 50]",<class 'torch.optim.adamw.AdamW'>,50,1e-05,0.0001,0.3684210526315789,0.7037037037037037
110,<function selu at 0x7f5bf5c0bba0>,256,0.75,0.001,300,"[5000, 2500, 1000, 250, 125]",<class 'torch.optim.adamw.AdamW'>,50,0.0,0.0001,0.3684210526315789,0.7037037037037037
250,<function selu at 0x7f5bf5c0bba0>,128,0.7,0.001,250,"[5000, 2500, 1000, 250, 50]",<class 'torch.optim.adamw.AdamW'>,50,0.0,0.0001,0.3684210526315789,0.7037037037037037
195,<function selu at 0x7f5bf5c0bba0>,256,0.8,0.01,200,"[5000, 2500, 1000, 250, 125]",<class 'torch.optim.adamw.AdamW'>,50,1e-05,0.0001,0.36486486486486486,0.41975308641975306
194,<function selu at 0x7f5bf5c0bba0>,256,0.8,0.01,200,"[5000, 2500, 1000, 250, 125]",<class 'torch.optim.adamw.AdamW'>,50,0.0,0.0001,0.36486486486486486,0.41975308641975306
37,<function selu at 0x7f5bf5c0bba0>,256,0.7,0.001,300,"[5000, 2500, 1000, 250]",<class 'torch.optim.adamw.AdamW'>,50,1e-05,0.0001,0.36363636363636365,0.6975308641975309
97,<function selu at 0x7f5bf5c0bba0>,256,0.75,0.001,200,"[5000, 2500, 1000, 250]",<class 'torch.optim.adamw.AdamW'>,50,1e-05,0.0001,0.36363636363636365,0.6975308641975309
96,<function selu at 0x7f5bf5c0bba0>,256,0.75,0.001,200,"[5000, 2500, 1000, 250]",<class 'torch.optim.adamw.AdamW'>,50,0.0,0.0001,0.36363636363636365,0.6975308641975309
36,<function selu at 0x7f5bf5c0bba0>,256,0.7,0.001,300,"[5000, 2500, 1000, 250]",<class 'torch.optim.adamw.AdamW'>,50,0.0,0.0001,0.36363636363636365,0.6975308641975309
25,<function selu at 0x7f5bf5c0bba0>,256,0.7,0.001,200,"[5000, 2500, 1000, 250]",<class 'torch.optim.adamw.AdamW'>,50,1e-05,0.0001,0.3614457831325301,0.6728395061728395
24,<function selu at 0x7f5bf5c0bba0>,256,0.7,0.001,200,"[5000, 2500, 1000, 250]",<class 'torch.optim.adamw.AdamW'>,50,0.0,0.0001,0.3614457831325301,0.6728395061728395
141,<function selu at 0x7f5bf5c0bba0>,256,0.75,0.01,350,"[5000, 2500, 1000, 250, 125]",<class 'torch.optim.adamw.AdamW'>,50,1e-05,0.0001,0.36065573770491804,0.5185185185185185
140,<function selu at 0x7f5bf5c0bba0>,256,0.75,0.01,350,"[5000, 2500, 1000, 250, 125]",<class 'torch.optim.adamw.AdamW'>,50,0.0,0.0001,0.36065573770491804,0.5185185185185185
113,<function selu at 0x7f5bf5c0bba0>,256,0.75,0.001,300,"[5000, 2500, 1000, 250, 50]",<class 'torch.optim.adamw.AdamW'>,50,1e-05,0.0001,0.358974358974359,0.691358024691358
41,<function selu at 0x7f5bf5c0bba0>,256,0.7,0.001,300,"[5000, 2500, 1000, 250, 50]",<class 'torch.optim.adamw.AdamW'>,50,1e-05,0.0001,0.358974358974359,0.691358024691358
40,<function selu at 0x7f5bf5c0bba0>,256,0.7,0.001,300,"[5000, 2500, 1000, 250, 50]",<class 'torch.optim.adamw.AdamW'>,50,0.0,0.0001,0.358974358974359,0.691358024691358
112,<function selu at 0x7f5bf5c0bba0>,256,0.75,0.001,300,"[5000, 2500, 1000, 250, 50]",<class 'torch.optim.adamw.AdamW'>,50,0.0,0.0001,0.358974358974359,0.691358024691358
344,<function selu at 0x7f5bf5c0bba0>,128,0.75,0.01,250,"[5000, 2500, 1000, 250, 125]",<class 'torch.optim.adamw.AdamW'>,50,0.0,0.0001,0.3584905660377358,0.5802469135802469
345,<function selu at 0x7f5bf5c0bba0>,128,0.75,0.01,250,"[5000, 2500, 1000, 250, 125]",<class 'torch.optim.adamw.AdamW'>,50,1e-05,0.0001,0.3584905660377358,0.5802469135802469
54,<function selu at 0x7f5bf5c0bba0>,256,0.7,0.01,250,"[5000, 2500, 1000, 250]",<class 'torch.optim.adamw.AdamW'>,50,0.0,0.0001,0.35555555555555557,0.6419753086419753
55,<function selu at 0x7f5bf5c0bba0>,256,0.7,0.01,250,"[5000, 2500, 1000, 250]",<class 'torch.optim.adamw.AdamW'>,50,1e-05,0.0001,0.35555555555555557,0.6419753086419753
102,<function selu at 0x7f5bf5c0bba0>,256,0.75,0.001,250,"[5000, 2500, 1000, 250]",<class 'torch.optim.adamw.AdamW'>,50,0.0,0.0001,0.35443037974683544,0.6851851851851852
103,<function selu at 0x7f5bf5c0bba0>,256,0.75,0.001,250,"[5000, 2500, 1000, 250]",<class 'torch.optim.adamw.AdamW'>,50,1e-05,0.0001,0.35443037974683544,0.6851851851851852
66,<function selu at 0x7f5bf5c0bba0>,256,0.7,0.01,350,"[5000, 2500, 1000, 250]",<class 'torch.optim.adamw.AdamW'>,50,0.0,0.0001,0.3516483516483517,0.6358024691358025
67,<function selu at 0x7f5bf5c0bba0>,256,0.7,0.01,350,"[5000, 2500, 1000, 250]",<class 'torch.optim.adamw.AdamW'>,50,1e-05,0.0001,0.3516483516483517,0.6358024691358025
545,<function selu at 0x7f5bf5c0bba0>,64,0.75,0.001,300,"[5000, 2500, 1000, 250, 50]",<class 'torch.optim.adamw.AdamW'>,50,1e-05,0.0001,0.35135135135135137,0.7037037037037037
544,<function selu at 0x7f5bf5c0bba0>,64,0.75,0.001,300,"[5000, 2500, 1000, 250, 50]",<class 'torch.optim.adamw.AdamW'>,50,0.0,0.0001,0.35135135135135137,0.7037037037037037
117,<function selu at 0x7f5bf5c0bba0>,256,0.75,0.001,350,"[5000, 2500, 1000, 250, 125]",<class 'torch.optim.adamw.AdamW'>,50,1e-05,0.0001,0.35,0.6790123456790124
116,<function selu at 0x7f5bf5c0bba0>,256,0.75,0.001,350,"[5000, 2500, 1000, 250, 125]",<class 'torch.optim.adamw.AdamW'>,50,0.0,0.0001,0.35,0.6790123456790124
197,<function selu at 0x7f5bf5c0bba0>,256,0.8,0.01,200,"[5000, 2500, 1000, 250, 50]",<class 'torch.optim.adamw.AdamW'>,50,1e-05,0.0001,0.34146341463414637,0.8333333333333334
196,<function selu at 0x7f5bf5c0bba0>,256,0.8,0.01,200,"[5000, 2500, 1000, 250, 50]",<class 'torch.optim.adamw.AdamW'>,50,0.0,0.0001,0.34146341463414637,0.8333333333333334
634,<function selu at 0x7f5bf5c0bba0>,64,0.8,0.01,250,"[5000, 2500, 1000, 250, 50]",<class 'torch.optim.adamw.AdamW'>,50,0.0,0.0001,0.34108527131782945,0.47530864197530864
635,<function selu at 0x7f5bf5c0bba0>,64,0.8,0.01,250,"[5000, 2500, 1000, 250, 50]",<class 'torch.optim.adamw.AdamW'>,50,1e-05,0.0001,0.34108527131782945,0.47530864197530864
138,<function selu at 0x7f5bf5c0bba0>,256,0.75,0.01,350,"[5000, 2500, 1000, 250]",<class 'torch.optim.adamw.AdamW'>,50,0.0,0.0001,0.3352601156069364,0.29012345679012347
139,<function selu at 0x7f5bf5c0bba0>,256,0.75,0.01,350,"[5000, 2500, 1000, 250]",<class 'torch.optim.adamw.AdamW'>,50,1e-05,0.0001,0.3352601156069364,0.29012345679012347
213,<function selu at 0x7f5bf5c0bba0>,256,0.8,0.01,350,"[5000, 2500, 1000, 250, 125]",<class 'torch.optim.adamw.AdamW'>,50,1e-05,0.0001,0.32558139534883723,0.8209876543209876
212,<function selu at 0x7f5bf5c0bba0>,256,0.8,0.01,350,"[5000, 2500, 1000, 250, 125]",<class 'torch.optim.adamw.AdamW'>,50,0.0,0.0001,0.32558139534883723,0.8209876543209876
202,<function selu at 0x7f5bf5c0bba0>,256,0.8,0.01,250,"[5000, 2500, 1000, 250, 50]",<class 'torch.optim.adamw.AdamW'>,50,0.0,0.0001,0.32,0.37037037037037035
203,<function selu at 0x7f5bf5c0bba0>,256,0.8,0.01,250,"[5000, 2500, 1000, 250, 50]",<class 'torch.optim.adamw.AdamW'>,50,1e-05,0.0001,0.32,0.37037037037037035
494,<function selu at 0x7f5bf5c0bba0>,64,0.7,0.01,300,"[5000, 2500, 1000, 250, 125]",<class 'torch.optim.adamw.AdamW'>,50,0.0,0.0001,0.31521739130434784,0.2222222222222222
495,<function selu at 0x7f5bf5c0bba0>,64,0.7,0.01,300,"[5000, 2500, 1000, 250, 125]",<class 'torch.optim.adamw.AdamW'>,50,1e-05,0.0001,0.31521739130434784,0.2222222222222222
353,<function selu at 0x7f5bf5c0bba0>,128,0.75,0.01,300,"[5000, 2500, 1000, 250, 50]",<class 'torch.optim.adamw.AdamW'>,50,1e-05,0.0001,0.3146067415730337,0.24691358024691357
352,<function selu at 0x7f5bf5c0bba0>,128,0.75,0.01,300,"[5000, 2500, 1000, 250, 50]",<class 'torch.optim.adamw.AdamW'>,50,0.0,0.0001,0.3146067415730337,0.24691358024691357
270,<function selu at 0x7f5bf5c0bba0>,128,0.7,0.01,250,"[5000, 2500, 1000, 250]",<class 'torch.optim.adamw.AdamW'>,50,0.0,0.0001,0.3036649214659686,0.17901234567901234
267,<function selu at 0x7f5bf5c0bba0>,128,0.7,0.01,200,"[5000, 2500, 1000, 250, 125]",<class 'torch.optim.adamw.AdamW'>,50,1e-05,0.0001,0.3036649214659686,0.17901234567901234
132,<function selu at 0x7f5bf5c0bba0>,256,0.75,0.01,300,"[5000, 2500, 1000, 250]",<class 'torch.optim.adamw.AdamW'>,50,0.0,0.0001,0.3036649214659686,0.17901234567901234
272,<function selu at 0x7f5bf5c0bba0>,128,0.7,0.01,250,"[5000, 2500, 1000, 250, 125]",<class 'torch.optim.adamw.AdamW'>,50,0.0,0.0001,0.3036649214659686,0.17901234567901234
271,<function selu at 0x7f5bf5c0bba0>,128,0.7,0.01,250,"[5000, 2500, 1000, 250]",<class 'torch.optim.adamw.AdamW'>,50,1e-05,0.0001,0.3036649214659686,0.17901234567901234
266,<function selu at 0x7f5bf5c0bba0>,128,0.7,0.01,200,"[5000, 2500, 1000, 250, 125]",<class 'torch.optim.adamw.AdamW'>,50,0.0,0.0001,0.3036649214659686,0.17901234567901234
133,<function selu at 0x7f5bf5c0bba0>,256,0.75,0.01,300,"[5000, 2500, 1000, 250]",<class 'torch.optim.adamw.AdamW'>,50,1e-05,0.0001,0.3036649214659686,0.17901234567901234
215,<function selu at 0x7f5bf5c0bba0>,256,0.8,0.01,350,"[5000, 2500, 1000, 250, 50]",<class 'torch.optim.adamw.AdamW'>,50,1e-05,0.0001,0.3036649214659686,0.17901234567901234
273,<function selu at 0x7f5bf5c0bba0>,128,0.7,0.01,250,"[5000, 2500, 1000, 250, 125]",<class 'torch.optim.adamw.AdamW'>,50,1e-05,0.0001,0.3036649214659686,0.17901234567901234
429,<function selu at 0x7f5bf5c0bba0>,128,0.8,0.01,350,"[5000, 2500, 1000, 250, 125]",<class 'torch.optim.adamw.AdamW'>,50,1e-05,0.0001,0.3036649214659686,0.17901234567901234
428,<function selu at 0x7f5bf5c0bba0>,128,0.8,0.01,350,"[5000, 2500, 1000, 250, 125]",<class 'torch.optim.adamw.AdamW'>,50,0.0,0.0001,0.3036649214659686,0.17901234567901234
214,<function selu at 0x7f5bf5c0bba0>,256,0.8,0.01,350,"[5000, 2500, 1000, 250, 50]",<class 'torch.optim.adamw.AdamW'>,50,0.0,0.0001,0.3036649214659686,0.17901234567901234
483,<function selu at 0x7f5bf5c0bba0>,64,0.7,0.01,200,"[5000, 2500, 1000, 250, 125]",<class 'torch.optim.adamw.AdamW'>,50,1e-05,0.0001,0.3036649214659686,0.17901234567901234
343,<function selu at 0x7f5bf5c0bba0>,128,0.75,0.01,250,"[5000, 2500, 1000, 250]",<class 'torch.optim.adamw.AdamW'>,50,1e-05,0.0001,0.3036649214659686,0.17901234567901234
342,<function selu at 0x7f5bf5c0bba0>,128,0.75,0.01,250,"[5000, 2500, 1000, 250]",<class 'torch.optim.adamw.AdamW'>,50,0.0,0.0001,0.3036649214659686,0.17901234567901234
482,<function selu at 0x7f5bf5c0bba0>,64,0.7,0.01,200,"[5000, 2500, 1000, 250, 125]",<class 'torch.optim.adamw.AdamW'>,50,0.0,0.0001,0.3036649214659686,0.17901234567901234
278,<function selu at 0x7f5bf5c0bba0>,128,0.7,0.01,300,"[5000, 2500, 1000, 250, 125]",<class 'torch.optim.adamw.AdamW'>,50,0.0,0.0001,0.3036649214659686,0.17901234567901234
279,<function selu at 0x7f5bf5c0bba0>,128,0.7,0.01,300,"[5000, 2500, 1000, 250, 125]",<class 'torch.optim.adamw.AdamW'>,50,1e-05,0.0001,0.3036649214659686,0.17901234567901234
284,<function selu at 0x7f5bf5c0bba0>,128,0.7,0.01,350,"[5000, 2500, 1000, 250, 125]",<class 'torch.optim.adamw.AdamW'>,50,0.0,0.0001,0.3036649214659686,0.17901234567901234
285,<function selu at 0x7f5bf5c0bba0>,128,0.7,0.01,350,"[5000, 2500, 1000, 250, 125]",<class 'torch.optim.adamw.AdamW'>,50,1e-05,0.0001,0.3036649214659686,0.17901234567901234
286,<function selu at 0x7f5bf5c0bba0>,128,0.7,0.01,350,"[5000, 2500, 1000, 250, 50]",<class 'torch.optim.adamw.AdamW'>,50,0.0,0.0001,0.3036649214659686,0.17901234567901234
287,<function selu at 0x7f5bf5c0bba0>,128,0.7,0.01,350,"[5000, 2500, 1000, 250, 50]",<class 'torch.optim.adamw.AdamW'>,50,1e-05,0.0001,0.3036649214659686,0.17901234567901234
351,<function selu at 0x7f5bf5c0bba0>,128,0.75,0.01,300,"[5000, 2500, 1000, 250, 125]",<class 'torch.optim.adamw.AdamW'>,50,1e-05,0.0001,0.2978723404255319,0.18518518518518517
350,<function selu at 0x7f5bf5c0bba0>,128,0.75,0.01,300,"[5000, 2500, 1000, 250, 125]",<class 'torch.optim.adamw.AdamW'>,50,0.0,0.0001,0.2978723404255319,0.18518518518518517
415,<function selu at 0x7f5bf5c0bba0>,128,0.8,0.01,250,"[5000, 2500, 1000, 250]",<class 'torch.optim.adamw.AdamW'>,50,1e-05,0.0001,0.29411764705882354,0.7037037037037037
414,<function selu at 0x7f5bf5c0bba0>,128,0.8,0.01,250,"[5000, 2500, 1000, 250]",<class 'torch.optim.adamw.AdamW'>,50,0.0,0.0001,0.29411764705882354,0.7037037037037037
426,<function selu at 0x7f5bf5c0bba0>,128,0.8,0.01,350,"[5000, 2500, 1000, 250]",<class 'torch.optim.adamw.AdamW'>,50,0.0,0.0001,0.22857142857142856,0.8333333333333334
427,<function selu at 0x7f5bf5c0bba0>,128,0.8,0.01,350,"[5000, 2500, 1000, 250]",<class 'torch.optim.adamw.AdamW'>,50,1e-05,0.0001,0.22857142857142856,0.8333333333333334
281,<function selu at 0x7f5bf5c0bba0>,128,0.7,0.01,300,"[5000, 2500, 1000, 250, 50]",<class 'torch.optim.adamw.AdamW'>,50,1e-05,0.0001,0.21818181818181817,0.7345679012345679
280,<function selu at 0x7f5bf5c0bba0>,128,0.7,0.01,300,"[5000, 2500, 1000, 250, 50]",<class 'torch.optim.adamw.AdamW'>,50,0.0,0.0001,0.21818181818181817,0.7345679012345679
489,<function selu at 0x7f5bf5c0bba0>,64,0.7,0.01,250,"[5000, 2500, 1000, 250, 125]",<class 'torch.optim.adamw.AdamW'>,50,1e-05,0.0001,0.0625,0.8148148148148148
488,<function selu at 0x7f5bf5c0bba0>,64,0.7,0.01,250,"[5000, 2500, 1000, 250, 125]",<class 'torch.optim.adamw.AdamW'>,50,0.0,0.0001,0.0625,0.8148148148148148
575,<function selu at 0x7f5bf5c0bba0>,64,0.75,0.01,350,"[5000, 2500, 1000, 250, 50]",<class 'torch.optim.adamw.AdamW'>,50,1e-05,0.0001,0.0,0.8209876543209876
137,<function selu at 0x7f5bf5c0bba0>,256,0.75,0.01,300,"[5000, 2500, 1000, 250, 50]",<class 'torch.optim.adamw.AdamW'>,50,1e-05,0.0001,0.0,0.8209876543209876
131,<function selu at 0x7f5bf5c0bba0>,256,0.75,0.01,250,"[5000, 2500, 1000, 250, 50]",<class 'torch.optim.adamw.AdamW'>,50,1e-05,0.0001,0.0,0.8209876543209876
136,<function selu at 0x7f5bf5c0bba0>,256,0.75,0.01,300,"[5000, 2500, 1000, 250, 50]",<class 'torch.optim.adamw.AdamW'>,50,0.0,0.0001,0.0,0.8209876543209876
124,<function selu at 0x7f5bf5c0bba0>,256,0.75,0.01,200,"[5000, 2500, 1000, 250, 50]",<class 'torch.optim.adamw.AdamW'>,50,0.0,0.0001,0.0,0.8209876543209876
125,<function selu at 0x7f5bf5c0bba0>,256,0.75,0.01,200,"[5000, 2500, 1000, 250, 50]",<class 'torch.optim.adamw.AdamW'>,50,1e-05,0.0001,0.0,0.8209876543209876
130,<function selu at 0x7f5bf5c0bba0>,256,0.75,0.01,250,"[5000, 2500, 1000, 250, 50]",<class 'torch.optim.adamw.AdamW'>,50,0.0,0.0001,0.0,0.8209876543209876
573,<function selu at 0x7f5bf5c0bba0>,64,0.75,0.01,350,"[5000, 2500, 1000, 250, 125]",<class 'torch.optim.adamw.AdamW'>,50,1e-05,0.0001,0.0,0.8209876543209876
574,<function selu at 0x7f5bf5c0bba0>,64,0.75,0.01,350,"[5000, 2500, 1000, 250, 50]",<class 'torch.optim.adamw.AdamW'>,50,0.0,0.0001,0.0,0.8209876543209876
419,<function selu at 0x7f5bf5c0bba0>,128,0.8,0.01,250,"[5000, 2500, 1000, 250, 50]",<class 'torch.optim.adamw.AdamW'>,50,1e-05,0.0001,0.0,0.8209876543209876
71,<function selu at 0x7f5bf5c0bba0>,256,0.7,0.01,350,"[5000, 2500, 1000, 250, 50]",<class 'torch.optim.adamw.AdamW'>,50,1e-05,0.0001,0.0,0.8209876543209876
631,<function selu at 0x7f5bf5c0bba0>,64,0.8,0.01,250,"[5000, 2500, 1000, 250]",<class 'torch.optim.adamw.AdamW'>,50,1e-05,0.0001,0.0,0.8209876543209876
646,<function selu at 0x7f5bf5c0bba0>,64,0.8,0.01,350,"[5000, 2500, 1000, 250, 50]",<class 'torch.optim.adamw.AdamW'>,50,0.0,0.0001,0.0,0.8209876543209876
645,<function selu at 0x7f5bf5c0bba0>,64,0.8,0.01,350,"[5000, 2500, 1000, 250, 125]",<class 'torch.optim.adamw.AdamW'>,50,1e-05,0.0001,0.0,0.8209876543209876
644,<function selu at 0x7f5bf5c0bba0>,64,0.8,0.01,350,"[5000, 2500, 1000, 250, 125]",<class 'torch.optim.adamw.AdamW'>,50,0.0,0.0001,0.0,0.8209876543209876
643,<function selu at 0x7f5bf5c0bba0>,64,0.8,0.01,350,"[5000, 2500, 1000, 250]",<class 'torch.optim.adamw.AdamW'>,50,1e-05,0.0001,0.0,0.8209876543209876
642,<function selu at 0x7f5bf5c0bba0>,64,0.8,0.01,350,"[5000, 2500, 1000, 250]",<class 'torch.optim.adamw.AdamW'>,50,0.0,0.0001,0.0,0.8209876543209876
641,<function selu at 0x7f5bf5c0bba0>,64,0.8,0.01,300,"[5000, 2500, 1000, 250, 50]",<class 'torch.optim.adamw.AdamW'>,50,1e-05,0.0001,0.0,0.8209876543209876
640,<function selu at 0x7f5bf5c0bba0>,64,0.8,0.01,300,"[5000, 2500, 1000, 250, 50]",<class 'torch.optim.adamw.AdamW'>,50,0.0,0.0001,0.0,0.8209876543209876
637,<function selu at 0x7f5bf5c0bba0>,64,0.8,0.01,300,"[5000, 2500, 1000, 250]",<class 'torch.optim.adamw.AdamW'>,50,1e-05,0.0001,0.0,0.8209876543209876
636,<function selu at 0x7f5bf5c0bba0>,64,0.8,0.01,300,"[5000, 2500, 1000, 250]",<class 'torch.optim.adamw.AdamW'>,50,0.0,0.0001,0.0,0.8209876543209876
633,<function selu at 0x7f5bf5c0bba0>,64,0.8,0.01,250,"[5000, 2500, 1000, 250, 125]",<class 'torch.optim.adamw.AdamW'>,50,1e-05,0.0001,0.0,0.8209876543209876
632,<function selu at 0x7f5bf5c0bba0>,64,0.8,0.01,250,"[5000, 2500, 1000, 250, 125]",<class 'torch.optim.adamw.AdamW'>,50,0.0,0.0001,0.0,0.8209876543209876
630,<function selu at 0x7f5bf5c0bba0>,64,0.8,0.01,250,"[5000, 2500, 1000, 250]",<class 'torch.optim.adamw.AdamW'>,50,0.0,0.0001,0.0,0.8209876543209876
70,<function selu at 0x7f5bf5c0bba0>,256,0.7,0.01,350,"[5000, 2500, 1000, 250, 50]",<class 'torch.optim.adamw.AdamW'>,50,0.0,0.0001,0.0,0.8209876543209876
629,<function selu at 0x7f5bf5c0bba0>,64,0.8,0.01,200,"[5000, 2500, 1000, 250, 50]",<class 'torch.optim.adamw.AdamW'>,50,1e-05,0.0001,0.0,0.8209876543209876
628,<function selu at 0x7f5bf5c0bba0>,64,0.8,0.01,200,"[5000, 2500, 1000, 250, 50]",<class 'torch.optim.adamw.AdamW'>,50,0.0,0.0001,0.0,0.8209876543209876
627,<function selu at 0x7f5bf5c0bba0>,64,0.8,0.01,200,"[5000, 2500, 1000, 250, 125]",<class 'torch.optim.adamw.AdamW'>,50,1e-05,0.0001,0.0,0.8209876543209876
626,<function selu at 0x7f5bf5c0bba0>,64,0.8,0.01,200,"[5000, 2500, 1000, 250, 125]",<class 'torch.optim.adamw.AdamW'>,50,0.0,0.0001,0.0,0.8209876543209876
571,<function selu at 0x7f5bf5c0bba0>,64,0.75,0.01,350,"[5000, 2500, 1000, 250]",<class 'torch.optim.adamw.AdamW'>,50,1e-05,0.0001,0.0,0.8209876543209876
52,<function selu at 0x7f5bf5c0bba0>,256,0.7,0.01,200,"[5000, 2500, 1000, 250, 50]",<class 'torch.optim.adamw.AdamW'>,50,0.0,0.0001,0.0,0.8209876543209876
53,<function selu at 0x7f5bf5c0bba0>,256,0.7,0.01,200,"[5000, 2500, 1000, 250, 50]",<class 'torch.optim.adamw.AdamW'>,50,1e-05,0.0001,0.0,0.8209876543209876
58,<function selu at 0x7f5bf5c0bba0>,256,0.7,0.01,250,"[5000, 2500, 1000, 250, 50]",<class 'torch.optim.adamw.AdamW'>,50,0.0,0.0001,0.0,0.8209876543209876
59,<function selu at 0x7f5bf5c0bba0>,256,0.7,0.01,250,"[5000, 2500, 1000, 250, 50]",<class 'torch.optim.adamw.AdamW'>,50,1e-05,0.0001,0.0,0.8209876543209876
64,<function selu at 0x7f5bf5c0bba0>,256,0.7,0.01,300,"[5000, 2500, 1000, 250, 50]",<class 'torch.optim.adamw.AdamW'>,50,0.0,0.0001,0.0,0.8209876543209876
65,<function selu at 0x7f5bf5c0bba0>,256,0.7,0.01,300,"[5000, 2500, 1000, 250, 50]",<class 'torch.optim.adamw.AdamW'>,50,1e-05,0.0001,0.0,0.8209876543209876
572,<function selu at 0x7f5bf5c0bba0>,64,0.75,0.01,350,"[5000, 2500, 1000, 250, 125]",<class 'torch.optim.adamw.AdamW'>,50,0.0,0.0001,0.0,0.8209876543209876
208,<function selu at 0x7f5bf5c0bba0>,256,0.8,0.01,300,"[5000, 2500, 1000, 250, 50]",<class 'torch.optim.adamw.AdamW'>,50,0.0,0.0001,0.0,0.8209876543209876
570,<function selu at 0x7f5bf5c0bba0>,64,0.75,0.01,350,"[5000, 2500, 1000, 250]",<class 'torch.optim.adamw.AdamW'>,50,0.0,0.0001,0.0,0.8209876543209876
490,<function selu at 0x7f5bf5c0bba0>,64,0.7,0.01,250,"[5000, 2500, 1000, 250, 50]",<class 'torch.optim.adamw.AdamW'>,50,0.0,0.0001,0.0,0.8209876543209876
336,<function selu at 0x7f5bf5c0bba0>,128,0.75,0.01,200,"[5000, 2500, 1000, 250]",<class 'torch.optim.adamw.AdamW'>,50,0.0,0.0001,0.0,0.8209876543209876
480,<function selu at 0x7f5bf5c0bba0>,64,0.7,0.01,200,"[5000, 2500, 1000, 250]",<class 'torch.optim.adamw.AdamW'>,50,0.0,0.0001,0.0,0.8209876543209876
481,<function selu at 0x7f5bf5c0bba0>,64,0.7,0.01,200,"[5000, 2500, 1000, 250]",<class 'torch.optim.adamw.AdamW'>,50,1e-05,0.0001,0.0,0.8209876543209876
484,<function selu at 0x7f5bf5c0bba0>,64,0.7,0.01,200,"[5000, 2500, 1000, 250, 50]",<class 'torch.optim.adamw.AdamW'>,50,0.0,0.0001,0.0,0.8209876543209876
485,<function selu at 0x7f5bf5c0bba0>,64,0.7,0.01,200,"[5000, 2500, 1000, 250, 50]",<class 'torch.optim.adamw.AdamW'>,50,1e-05,0.0001,0.0,0.8209876543209876
486,<function selu at 0x7f5bf5c0bba0>,64,0.7,0.01,250,"[5000, 2500, 1000, 250]",<class 'torch.optim.adamw.AdamW'>,50,0.0,0.0001,0.0,0.8209876543209876
487,<function selu at 0x7f5bf5c0bba0>,64,0.7,0.01,250,"[5000, 2500, 1000, 250]",<class 'torch.optim.adamw.AdamW'>,50,1e-05,0.0001,0.0,0.8209876543209876
491,<function selu at 0x7f5bf5c0bba0>,64,0.7,0.01,250,"[5000, 2500, 1000, 250, 50]",<class 'torch.optim.adamw.AdamW'>,50,1e-05,0.0001,0.0,0.8209876543209876
569,<function selu at 0x7f5bf5c0bba0>,64,0.75,0.01,300,"[5000, 2500, 1000, 250, 50]",<class 'torch.optim.adamw.AdamW'>,50,1e-05,0.0001,0.0,0.8209876543209876
492,<function selu at 0x7f5bf5c0bba0>,64,0.7,0.01,300,"[5000, 2500, 1000, 250]",<class 'torch.optim.adamw.AdamW'>,50,0.0,0.0001,0.0,0.8209876543209876
493,<function selu at 0x7f5bf5c0bba0>,64,0.7,0.01,300,"[5000, 2500, 1000, 250]",<class 'torch.optim.adamw.AdamW'>,50,1e-05,0.0001,0.0,0.8209876543209876
496,<function selu at 0x7f5bf5c0bba0>,64,0.7,0.01,300,"[5000, 2500, 1000, 250, 50]",<class 'torch.optim.adamw.AdamW'>,50,0.0,0.0001,0.0,0.8209876543209876
497,<function selu at 0x7f5bf5c0bba0>,64,0.7,0.01,300,"[5000, 2500, 1000, 250, 50]",<class 'torch.optim.adamw.AdamW'>,50,1e-05,0.0001,0.0,0.8209876543209876
498,<function selu at 0x7f5bf5c0bba0>,64,0.7,0.01,350,"[5000, 2500, 1000, 250]",<class 'torch.optim.adamw.AdamW'>,50,0.0,0.0001,0.0,0.8209876543209876
499,<function selu at 0x7f5bf5c0bba0>,64,0.7,0.01,350,"[5000, 2500, 1000, 250]",<class 'torch.optim.adamw.AdamW'>,50,1e-05,0.0001,0.0,0.8209876543209876
500,<function selu at 0x7f5bf5c0bba0>,64,0.7,0.01,350,"[5000, 2500, 1000, 250, 125]",<class 'torch.optim.adamw.AdamW'>,50,0.0,0.0001,0.0,0.8209876543209876
337,<function selu at 0x7f5bf5c0bba0>,128,0.75,0.01,200,"[5000, 2500, 1000, 250]",<class 'torch.optim.adamw.AdamW'>,50,1e-05,0.0001,0.0,0.8209876543209876
340,<function selu at 0x7f5bf5c0bba0>,128,0.75,0.01,200,"[5000, 2500, 1000, 250, 50]",<class 'torch.optim.adamw.AdamW'>,50,0.0,0.0001,0.0,0.8209876543209876
341,<function selu at 0x7f5bf5c0bba0>,128,0.75,0.01,200,"[5000, 2500, 1000, 250, 50]",<class 'torch.optim.adamw.AdamW'>,50,1e-05,0.0001,0.0,0.8209876543209876
346,<function selu at 0x7f5bf5c0bba0>,128,0.75,0.01,250,"[5000, 2500, 1000, 250, 50]",<class 'torch.optim.adamw.AdamW'>,50,0.0,0.0001,0.0,0.8209876543209876
425,<function selu at 0x7f5bf5c0bba0>,128,0.8,0.01,300,"[5000, 2500, 1000, 250, 50]",<class 'torch.optim.adamw.AdamW'>,50,1e-05,0.0001,0.0,0.8209876543209876
430,<function selu at 0x7f5bf5c0bba0>,128,0.8,0.01,350,"[5000, 2500, 1000, 250, 50]",<class 'torch.optim.adamw.AdamW'>,50,0.0,0.0001,0.0,0.8209876543209876
431,<function selu at 0x7f5bf5c0bba0>,128,0.8,0.01,350,"[5000, 2500, 1000, 250, 50]",<class 'torch.optim.adamw.AdamW'>,50,1e-05,0.0001,0.0,0.8209876543209876
418,<function selu at 0x7f5bf5c0bba0>,128,0.8,0.01,250,"[5000, 2500, 1000, 250, 50]",<class 'torch.optim.adamw.AdamW'>,50,0.0,0.0001,0.0,0.8209876543209876
417,<function selu at 0x7f5bf5c0bba0>,128,0.8,0.01,250,"[5000, 2500, 1000, 250, 125]",<class 'torch.optim.adamw.AdamW'>,50,1e-05,0.0001,0.0,0.8209876543209876
416,<function selu at 0x7f5bf5c0bba0>,128,0.8,0.01,250,"[5000, 2500, 1000, 250, 125]",<class 'torch.optim.adamw.AdamW'>,50,0.0,0.0001,0.0,0.8209876543209876
413,<function selu at 0x7f5bf5c0bba0>,128,0.8,0.01,200,"[5000, 2500, 1000, 250, 50]",<class 'torch.optim.adamw.AdamW'>,50,1e-05,0.0001,0.0,0.8209876543209876
412,<function selu at 0x7f5bf5c0bba0>,128,0.8,0.01,200,"[5000, 2500, 1000, 250, 50]",<class 'torch.optim.adamw.AdamW'>,50,0.0,0.0001,0.0,0.8209876543209876
359,<function selu at 0x7f5bf5c0bba0>,128,0.75,0.01,350,"[5000, 2500, 1000, 250, 50]",<class 'torch.optim.adamw.AdamW'>,50,1e-05,0.0001,0.0,0.8209876543209876
358,<function selu at 0x7f5bf5c0bba0>,128,0.75,0.01,350,"[5000, 2500, 1000, 250, 50]",<class 'torch.optim.adamw.AdamW'>,50,0.0,0.0001,0.0,0.8209876543209876
355,<function selu at 0x7f5bf5c0bba0>,128,0.75,0.01,350,"[5000, 2500, 1000, 250]",<class 'torch.optim.adamw.AdamW'>,50,1e-05,0.0001,0.0,0.8209876543209876
354,<function selu at 0x7f5bf5c0bba0>,128,0.75,0.01,350,"[5000, 2500, 1000, 250]",<class 'torch.optim.adamw.AdamW'>,50,0.0,0.0001,0.0,0.8209876543209876
349,<function selu at 0x7f5bf5c0bba0>,128,0.75,0.01,300,"[5000, 2500, 1000, 250]",<class 'torch.optim.adamw.AdamW'>,50,1e-05,0.0001,0.0,0.8209876543209876
348,<function selu at 0x7f5bf5c0bba0>,128,0.75,0.01,300,"[5000, 2500, 1000, 250]",<class 'torch.optim.adamw.AdamW'>,50,0.0,0.0001,0.0,0.8209876543209876
347,<function selu at 0x7f5bf5c0bba0>,128,0.75,0.01,250,"[5000, 2500, 1000, 250, 50]",<class 'torch.optim.adamw.AdamW'>,50,1e-05,0.0001,0.0,0.8209876543209876
501,<function selu at 0x7f5bf5c0bba0>,64,0.7,0.01,350,"[5000, 2500, 1000, 250, 125]",<class 'torch.optim.adamw.AdamW'>,50,1e-05,0.0001,0.0,0.8209876543209876
502,<function selu at 0x7f5bf5c0bba0>,64,0.7,0.01,350,"[5000, 2500, 1000, 250, 50]",<class 'torch.optim.adamw.AdamW'>,50,0.0,0.0001,0.0,0.8209876543209876
503,<function selu at 0x7f5bf5c0bba0>,64,0.7,0.01,350,"[5000, 2500, 1000, 250, 50]",<class 'torch.optim.adamw.AdamW'>,50,1e-05,0.0001,0.0,0.8209876543209876
552,<function selu at 0x7f5bf5c0bba0>,64,0.75,0.01,200,"[5000, 2500, 1000, 250]",<class 'torch.optim.adamw.AdamW'>,50,0.0,0.0001,0.0,0.8209876543209876
554,<function selu at 0x7f5bf5c0bba0>,64,0.75,0.01,200,"[5000, 2500, 1000, 250, 125]",<class 'torch.optim.adamw.AdamW'>,50,0.0,0.0001,0.0,0.8209876543209876
555,<function selu at 0x7f5bf5c0bba0>,64,0.75,0.01,200,"[5000, 2500, 1000, 250, 125]",<class 'torch.optim.adamw.AdamW'>,50,1e-05,0.0001,0.0,0.8209876543209876
556,<function selu at 0x7f5bf5c0bba0>,64,0.75,0.01,200,"[5000, 2500, 1000, 250, 50]",<class 'torch.optim.adamw.AdamW'>,50,0.0,0.0001,0.0,0.8209876543209876
557,<function selu at 0x7f5bf5c0bba0>,64,0.75,0.01,200,"[5000, 2500, 1000, 250, 50]",<class 'torch.optim.adamw.AdamW'>,50,1e-05,0.0001,0.0,0.8209876543209876
558,<function selu at 0x7f5bf5c0bba0>,64,0.75,0.01,250,"[5000, 2500, 1000, 250]",<class 'torch.optim.adamw.AdamW'>,50,0.0,0.0001,0.0,0.8209876543209876
559,<function selu at 0x7f5bf5c0bba0>,64,0.75,0.01,250,"[5000, 2500, 1000, 250]",<class 'torch.optim.adamw.AdamW'>,50,1e-05,0.0001,0.0,0.8209876543209876
560,<function selu at 0x7f5bf5c0bba0>,64,0.75,0.01,250,"[5000, 2500, 1000, 250, 125]",<class 'torch.optim.adamw.AdamW'>,50,0.0,0.0001,0.0,0.8209876543209876
561,<function selu at 0x7f5bf5c0bba0>,64,0.75,0.01,250,"[5000, 2500, 1000, 250, 125]",<class 'torch.optim.adamw.AdamW'>,50,1e-05,0.0001,0.0,0.8209876543209876
562,<function selu at 0x7f5bf5c0bba0>,64,0.75,0.01,250,"[5000, 2500, 1000, 250, 50]",<class 'torch.optim.adamw.AdamW'>,50,0.0,0.0001,0.0,0.8209876543209876
563,<function selu at 0x7f5bf5c0bba0>,64,0.75,0.01,250,"[5000, 2500, 1000, 250, 50]",<class 'torch.optim.adamw.AdamW'>,50,1e-05,0.0001,0.0,0.8209876543209876
564,<function selu at 0x7f5bf5c0bba0>,64,0.75,0.01,300,"[5000, 2500, 1000, 250]",<class 'torch.optim.adamw.AdamW'>,50,0.0,0.0001,0.0,0.8209876543209876
565,<function selu at 0x7f5bf5c0bba0>,64,0.75,0.01,300,"[5000, 2500, 1000, 250]",<class 'torch.optim.adamw.AdamW'>,50,1e-05,0.0001,0.0,0.8209876543209876
566,<function selu at 0x7f5bf5c0bba0>,64,0.75,0.01,300,"[5000, 2500, 1000, 250, 125]",<class 'torch.optim.adamw.AdamW'>,50,0.0,0.0001,0.0,0.8209876543209876
567,<function selu at 0x7f5bf5c0bba0>,64,0.75,0.01,300,"[5000, 2500, 1000, 250, 125]",<class 'torch.optim.adamw.AdamW'>,50,1e-05,0.0001,0.0,0.8209876543209876
568,<function selu at 0x7f5bf5c0bba0>,64,0.75,0.01,300,"[5000, 2500, 1000, 250, 50]",<class 'torch.optim.adamw.AdamW'>,50,0.0,0.0001,0.0,0.8209876543209876
553,<function selu at 0x7f5bf5c0bba0>,64,0.75,0.01,200,"[5000, 2500, 1000, 250]",<class 'torch.optim.adamw.AdamW'>,50,1e-05,0.0001,0.0,0.8209876543209876
142,<function selu at 0x7f5bf5c0bba0>,256,0.75,0.01,350,"[5000, 2500, 1000, 250, 50]",<class 'torch.optim.adamw.AdamW'>,50,0.0,0.0001,0.0,0.8209876543209876
283,<function selu at 0x7f5bf5c0bba0>,128,0.7,0.01,350,"[5000, 2500, 1000, 250]",<class 'torch.optim.adamw.AdamW'>,50,1e-05,0.0001,0.0,0.8209876543209876
143,<function selu at 0x7f5bf5c0bba0>,256,0.75,0.01,350,"[5000, 2500, 1000, 250, 50]",<class 'torch.optim.adamw.AdamW'>,50,1e-05,0.0001,0.0,0.8209876543209876
282,<function selu at 0x7f5bf5c0bba0>,128,0.7,0.01,350,"[5000, 2500, 1000, 250]",<class 'torch.optim.adamw.AdamW'>,50,0.0,0.0001,0.0,0.8209876543209876
277,<function selu at 0x7f5bf5c0bba0>,128,0.7,0.01,300,"[5000, 2500, 1000, 250]",<class 'torch.optim.adamw.AdamW'>,50,1e-05,0.0001,0.0,0.8209876543209876
276,<function selu at 0x7f5bf5c0bba0>,128,0.7,0.01,300,"[5000, 2500, 1000, 250]",<class 'torch.optim.adamw.AdamW'>,50,0.0,0.0001,0.0,0.8209876543209876
275,<function selu at 0x7f5bf5c0bba0>,128,0.7,0.01,250,"[5000, 2500, 1000, 250, 50]",<class 'torch.optim.adamw.AdamW'>,50,1e-05,0.0001,0.0,0.8209876543209876
274,<function selu at 0x7f5bf5c0bba0>,128,0.7,0.01,250,"[5000, 2500, 1000, 250, 50]",<class 'torch.optim.adamw.AdamW'>,50,0.0,0.0001,0.0,0.8209876543209876
269,<function selu at 0x7f5bf5c0bba0>,128,0.7,0.01,200,"[5000, 2500, 1000, 250, 50]",<class 'torch.optim.adamw.AdamW'>,50,1e-05,0.0001,0.0,0.8209876543209876
268,<function selu at 0x7f5bf5c0bba0>,128,0.7,0.01,200,"[5000, 2500, 1000, 250, 50]",<class 'torch.optim.adamw.AdamW'>,50,0.0,0.0001,0.0,0.8209876543209876
265,<function selu at 0x7f5bf5c0bba0>,128,0.7,0.01,200,"[5000, 2500, 1000, 250]",<class 'torch.optim.adamw.AdamW'>,50,1e-05,0.0001,0.0,0.8209876543209876
264,<function selu at 0x7f5bf5c0bba0>,128,0.7,0.01,200,"[5000, 2500, 1000, 250]",<class 'torch.optim.adamw.AdamW'>,50,0.0,0.0001,0.0,0.8209876543209876
209,<function selu at 0x7f5bf5c0bba0>,256,0.8,0.01,300,"[5000, 2500, 1000, 250, 50]",<class 'torch.optim.adamw.AdamW'>,50,1e-05,0.0001,0.0,0.8209876543209876
424,<function selu at 0x7f5bf5c0bba0>,128,0.8,0.01,300,"[5000, 2500, 1000, 250, 50]",<class 'torch.optim.adamw.AdamW'>,50,0.0,0.0001,0.0,0.8209876543209876
207,<function selu at 0x7f5bf5c0bba0>,256,0.8,0.01,300,"[5000, 2500, 1000, 250, 125]",<class 'torch.optim.adamw.AdamW'>,50,1e-05,0.0001,0.0,0.8209876543209876
206,<function selu at 0x7f5bf5c0bba0>,256,0.8,0.01,300,"[5000, 2500, 1000, 250, 125]",<class 'torch.optim.adamw.AdamW'>,50,0.0,0.0001,0.0,0.8209876543209876
201,<function selu at 0x7f5bf5c0bba0>,256,0.8,0.01,250,"[5000, 2500, 1000, 250, 125]",<class 'torch.optim.adamw.AdamW'>,50,1e-05,0.0001,0.0,0.8209876543209876
200,<function selu at 0x7f5bf5c0bba0>,256,0.8,0.01,250,"[5000, 2500, 1000, 250, 125]",<class 'torch.optim.adamw.AdamW'>,50,0.0,0.0001,0.0,0.8209876543209876
647,<function selu at 0x7f5bf5c0bba0>,64,0.8,0.01,350,"[5000, 2500, 1000, 250, 50]",<class 'torch.optim.adamw.AdamW'>,50,1e-05,0.0001,0.0,0.8209876543209876
