QSPRID	pchembl_value_Mean_Label	pchembl_value_Mean_Prediction	pchembl_value_Mean_ProbabilityClass_0	pchembl_value_Mean_ProbabilityClass_1	Fold
MonitoringTutorialDataset_0221	True	1	0.01445	0.98555	0.0
MonitoringTutorialDataset_3260	False	0	0.99945	0.00055	0.0
MonitoringTutorialDataset_3675	True	1	0.0	1.0	0.0
MonitoringTutorialDataset_3330	True	1	0.00456	0.99544	0.0
MonitoringTutorialDataset_3484	True	1	0.00199	0.99801	0.0
MonitoringTutorialDataset_0712	True	0	0.99028	0.00972	0.0
MonitoringTutorialDataset_0274	False	0	0.82861	0.17139	0.0
MonitoringTutorialDataset_2321	False	0	0.95115	0.04885	0.0
MonitoringTutorialDataset_0621	True	1	0.00056	0.99944	0.0
MonitoringTutorialDataset_0506	False	0	0.99066	0.00934	0.0
MonitoringTutorialDataset_1340	True	1	0.0024	0.9976	0.0
MonitoringTutorialDataset_1171	False	0	0.99844	0.00156	0.0
MonitoringTutorialDataset_0500	True	1	1e-05	0.99999	0.0
MonitoringTutorialDataset_1871	True	1	0.11823	0.88177	0.0
MonitoringTutorialDataset_2765	False	0	0.96299	0.03701	0.0
MonitoringTutorialDataset_0442	True	1	0.0	1.0	0.0
MonitoringTutorialDataset_0736	True	1	0.03279	0.96721	0.0
MonitoringTutorialDataset_2748	True	1	1e-05	0.99999	0.0
MonitoringTutorialDataset_1891	True	1	0.0	1.0	0.0
MonitoringTutorialDataset_3830	False	1	0.14063	0.85937	0.0
MonitoringTutorialDataset_1621	True	1	0.0	1.0	0.0
MonitoringTutorialDataset_2042	True	1	0.00046	0.99954	0.0
MonitoringTutorialDataset_2494	True	1	0.08349	0.91651	0.0
MonitoringTutorialDataset_0985	False	0	0.52301	0.47699	0.0
MonitoringTutorialDataset_1188	True	1	0.00113	0.99887	0.0
MonitoringTutorialDataset_2381	True	1	0.00017	0.99983	0.0
MonitoringTutorialDataset_0650	False	1	0.0	1.0	0.0
MonitoringTutorialDataset_1488	False	0	0.99703	0.00297	0.0
MonitoringTutorialDataset_2580	True	1	0.32241	0.67759	0.0
MonitoringTutorialDataset_0416	True	1	0.48525	0.51475	0.0
MonitoringTutorialDataset_2402	False	0	0.9899	0.0101	0.0
MonitoringTutorialDataset_1929	False	0	0.57612	0.42388	0.0
MonitoringTutorialDataset_0449	True	1	0.0009	0.9991	0.0
MonitoringTutorialDataset_2615	True	1	0.00958	0.99042	0.0
MonitoringTutorialDataset_1025	False	1	0.00125	0.99875	0.0
MonitoringTutorialDataset_2447	False	0	0.99928	0.00072	0.0
MonitoringTutorialDataset_4058	False	0	0.66789	0.33211	0.0
MonitoringTutorialDataset_3950	True	1	0.001	0.999	0.0
MonitoringTutorialDataset_3588	True	0	0.74483	0.25517	0.0
MonitoringTutorialDataset_3476	True	1	0.00026	0.99974	0.0
MonitoringTutorialDataset_0923	True	1	0.0009	0.9991	0.0
MonitoringTutorialDataset_2607	True	1	0.22314	0.77686	0.0
MonitoringTutorialDataset_1222	True	1	0.00622	0.99378	0.0
MonitoringTutorialDataset_3516	True	1	0.00415	0.99585	0.0
MonitoringTutorialDataset_1651	False	1	0.43705	0.56295	0.0
MonitoringTutorialDataset_0532	True	1	0.00013	0.99987	0.0
MonitoringTutorialDataset_1022	False	0	0.55196	0.44804	0.0
MonitoringTutorialDataset_2464	True	1	0.00018	0.99982	0.0
MonitoringTutorialDataset_3036	False	0	0.99939	0.00061	0.0
MonitoringTutorialDataset_2545	True	1	0.04062	0.95938	0.0
MonitoringTutorialDataset_1096	True	1	0.0	1.0	0.0
MonitoringTutorialDataset_2481	True	1	0.01881	0.98119	0.0
MonitoringTutorialDataset_0259	True	0	0.98135	0.01865	0.0
MonitoringTutorialDataset_2244	False	0	0.99687	0.00313	0.0
MonitoringTutorialDataset_0485	False	0	0.9965	0.0035	0.0
MonitoringTutorialDataset_0258	True	1	2e-05	0.99998	0.0
MonitoringTutorialDataset_0847	True	1	0.06175	0.93825	0.0
MonitoringTutorialDataset_3969	True	1	5e-05	0.99995	0.0
MonitoringTutorialDataset_3467	True	0	0.78363	0.21637	0.0
MonitoringTutorialDataset_3692	True	1	0.00323	0.99677	0.0
MonitoringTutorialDataset_2240	False	1	0.00641	0.99359	0.0
MonitoringTutorialDataset_1011	False	1	0.00836	0.99164	0.0
MonitoringTutorialDataset_0065	False	0	0.99939	0.00061	0.0
MonitoringTutorialDataset_1918	False	0	0.99944	0.00056	0.0
MonitoringTutorialDataset_0781	True	1	6e-05	0.99994	0.0
MonitoringTutorialDataset_3839	True	1	0.02303	0.97697	0.0
MonitoringTutorialDataset_2194	True	1	0.00052	0.99948	0.0
MonitoringTutorialDataset_0382	True	1	0.00058	0.99942	0.0
MonitoringTutorialDataset_3061	False	0	0.61544	0.38456	0.0
MonitoringTutorialDataset_3185	True	1	4e-05	0.99996	0.0
MonitoringTutorialDataset_0343	True	1	0.00107	0.99893	0.0
MonitoringTutorialDataset_2547	True	1	0.00963	0.99037	0.0
MonitoringTutorialDataset_1189	True	1	0.0	1.0	0.0
MonitoringTutorialDataset_0965	False	0	0.94563	0.05437	0.0
MonitoringTutorialDataset_2413	False	0	0.99143	0.00857	0.0
MonitoringTutorialDataset_3241	True	1	0.03447	0.96553	0.0
MonitoringTutorialDataset_2872	False	0	0.99913	0.00087	0.0
MonitoringTutorialDataset_1983	True	1	1e-04	0.9999	0.0
MonitoringTutorialDataset_2339	False	1	0.00286	0.99714	0.0
MonitoringTutorialDataset_3427	True	1	0.00013	0.99987	0.0
MonitoringTutorialDataset_3719	False	1	0.03987	0.96013	0.0
MonitoringTutorialDataset_3007	True	1	3e-05	0.99997	0.0
MonitoringTutorialDataset_1255	True	1	1e-05	0.99999	0.0
MonitoringTutorialDataset_0874	False	0	0.95725	0.04275	0.0
MonitoringTutorialDataset_0840	False	1	0.01162	0.98838	0.0
MonitoringTutorialDataset_0581	True	1	0.00013	0.99987	0.0
MonitoringTutorialDataset_0905	True	1	0.0	1.0	0.0
MonitoringTutorialDataset_0631	False	1	0.00027	0.99973	0.0
MonitoringTutorialDataset_2716	True	1	0.0403	0.9597	0.0
MonitoringTutorialDataset_0925	True	1	0.00043	0.99957	0.0
MonitoringTutorialDataset_1945	False	0	0.99903	0.00097	0.0
MonitoringTutorialDataset_2329	True	1	0.0	1.0	0.0
MonitoringTutorialDataset_3636	True	1	0.01703	0.98297	0.0
MonitoringTutorialDataset_3432	True	1	0.00659	0.99341	0.0
MonitoringTutorialDataset_1070	False	1	0.11855	0.88145	0.0
MonitoringTutorialDataset_3200	True	0	0.85617	0.14383	0.0
MonitoringTutorialDataset_0997	True	1	5e-05	0.99995	0.0
MonitoringTutorialDataset_1211	False	1	0.11147	0.88853	0.0
MonitoringTutorialDataset_2147	True	1	0.00384	0.99616	0.0
MonitoringTutorialDataset_1078	False	0	0.91842	0.08158	0.0
MonitoringTutorialDataset_1288	True	1	0.02413	0.97587	0.0
MonitoringTutorialDataset_3291	True	1	0.00315	0.99685	0.0
MonitoringTutorialDataset_1972	True	1	0.10626	0.89374	0.0
MonitoringTutorialDataset_2359	True	1	0.06288	0.93712	0.0
MonitoringTutorialDataset_1738	True	1	0.00073	0.99927	0.0
MonitoringTutorialDataset_1258	True	1	0.0	1.0	0.0
MonitoringTutorialDataset_3281	True	1	0.19523	0.80477	0.0
MonitoringTutorialDataset_2407	True	1	1e-05	0.99999	0.0
MonitoringTutorialDataset_3726	True	1	0.00033	0.99967	0.0
MonitoringTutorialDataset_3404	False	0	0.99806	0.00194	0.0
MonitoringTutorialDataset_1037	True	1	0.06482	0.93518	0.0
MonitoringTutorialDataset_0208	True	1	0.00108	0.99892	0.0
MonitoringTutorialDataset_1313	False	0	0.99943	0.00057	0.0
MonitoringTutorialDataset_0931	False	1	0.31086	0.68914	0.0
MonitoringTutorialDataset_0230	True	1	0.0517	0.9483	0.0
MonitoringTutorialDataset_1924	True	1	5e-05	0.99995	0.0
MonitoringTutorialDataset_0361	True	1	1e-05	0.99999	0.0
MonitoringTutorialDataset_2969	False	1	0.10655	0.89345	0.0
MonitoringTutorialDataset_1151	True	0	0.98059	0.01941	0.0
MonitoringTutorialDataset_2266	True	1	2e-05	0.99998	0.0
MonitoringTutorialDataset_3854	True	1	0.48131	0.51869	0.0
MonitoringTutorialDataset_0087	True	1	0.0	1.0	0.0
MonitoringTutorialDataset_0282	False	0	0.99457	0.00543	0.0
MonitoringTutorialDataset_3740	True	1	3e-05	0.99997	0.0
MonitoringTutorialDataset_4020	False	0	0.9992	0.0008	0.0
MonitoringTutorialDataset_3085	True	1	0.03424	0.96576	0.0
MonitoringTutorialDataset_0942	False	0	0.98324	0.01676	0.0
MonitoringTutorialDataset_2683	False	0	0.89278	0.10722	0.0
MonitoringTutorialDataset_0272	True	1	1e-05	0.99999	0.0
MonitoringTutorialDataset_2768	False	1	1e-05	0.99999	0.0
MonitoringTutorialDataset_2319	False	0	0.99972	0.00028	0.0
MonitoringTutorialDataset_0350	True	1	0.00279	0.99721	0.0
MonitoringTutorialDataset_3172	True	1	0.00093	0.99907	0.0
MonitoringTutorialDataset_1506	False	0	0.51754	0.48246	0.0
MonitoringTutorialDataset_2011	True	1	2e-05	0.99998	0.0
MonitoringTutorialDataset_0328	False	0	0.90246	0.09754	0.0
MonitoringTutorialDataset_1725	True	1	0.00457	0.99543	0.0
MonitoringTutorialDataset_3797	False	0	0.52262	0.47738	0.0
MonitoringTutorialDataset_2503	False	0	0.99967	0.00033	0.0
MonitoringTutorialDataset_2428	False	0	0.92968	0.07032	0.0
MonitoringTutorialDataset_0772	False	1	0.06755	0.93244	0.0
MonitoringTutorialDataset_1284	False	0	0.99996	4e-05	0.0
MonitoringTutorialDataset_0498	True	1	0.00572	0.99428	0.0
MonitoringTutorialDataset_1425	True	1	0.00017	0.99983	0.0
MonitoringTutorialDataset_2285	True	1	0.0	1.0	0.0
MonitoringTutorialDataset_1866	True	1	0.00017	0.99983	0.0
MonitoringTutorialDataset_2083	True	1	0.00066	0.99934	0.0
MonitoringTutorialDataset_0855	True	1	0.07227	0.92773	0.0
MonitoringTutorialDataset_0078	False	1	0.00976	0.99024	0.0
MonitoringTutorialDataset_0944	False	0	0.99486	0.00514	0.0
MonitoringTutorialDataset_3833	True	1	0.00689	0.99311	0.0
MonitoringTutorialDataset_2250	True	1	0.1339	0.8661	0.0
MonitoringTutorialDataset_3744	True	1	0.00223	0.99777	0.0
MonitoringTutorialDataset_1033	False	1	0.18744	0.81256	0.0
MonitoringTutorialDataset_3873	True	1	6e-05	0.99994	0.0
MonitoringTutorialDataset_2346	True	1	0.00084	0.99916	0.0
MonitoringTutorialDataset_0104	False	1	0.4381	0.5619	0.0
MonitoringTutorialDataset_2458	False	0	0.5591	0.4409	0.0
MonitoringTutorialDataset_1966	True	1	0.00028	0.99972	0.0
MonitoringTutorialDataset_1732	True	1	0.01782	0.98218	0.0
MonitoringTutorialDataset_1537	True	1	0.41601	0.58399	0.0
MonitoringTutorialDataset_2691	True	0	0.97889	0.02111	0.0
MonitoringTutorialDataset_2439	False	0	0.53051	0.46949	0.0
MonitoringTutorialDataset_1403	False	1	0.00033	0.99967	0.0
MonitoringTutorialDataset_1382	True	1	7e-05	0.99993	0.0
MonitoringTutorialDataset_0100	False	0	0.99913	0.00087	0.0
MonitoringTutorialDataset_1283	True	1	0.0	1.0	0.0
MonitoringTutorialDataset_1352	False	1	0.00028	0.99972	0.0
MonitoringTutorialDataset_3376	True	1	0.00021	0.99979	0.0
MonitoringTutorialDataset_0982	True	1	0.0	1.0	0.0
MonitoringTutorialDataset_2880	True	1	0.00434	0.99566	0.0
MonitoringTutorialDataset_1490	False	0	0.99669	0.00331	0.0
MonitoringTutorialDataset_0845	True	1	3e-05	0.99997	0.0
MonitoringTutorialDataset_2298	False	0	0.99873	0.00127	0.0
MonitoringTutorialDataset_2196	True	1	0.05825	0.94175	0.0
MonitoringTutorialDataset_1747	False	1	0.00033	0.99967	0.0
MonitoringTutorialDataset_2651	False	0	0.94389	0.05611	0.0
MonitoringTutorialDataset_2935	True	1	4e-05	0.99996	0.0
MonitoringTutorialDataset_3665	True	1	1e-05	0.99999	0.0
MonitoringTutorialDataset_3933	False	0	0.80433	0.19567	0.0
MonitoringTutorialDataset_2409	False	0	0.91561	0.08439	0.0
MonitoringTutorialDataset_3244	True	1	0.0	1.0	0.0
MonitoringTutorialDataset_3903	False	1	0.04807	0.95193	0.0
MonitoringTutorialDataset_0243	True	1	0.0	1.0	0.0
MonitoringTutorialDataset_3143	True	1	0.00023	0.99977	0.0
MonitoringTutorialDataset_3131	True	1	4e-05	0.99996	0.0
MonitoringTutorialDataset_0340	True	1	1e-05	0.99999	0.0
MonitoringTutorialDataset_3033	True	1	1e-05	0.99999	0.0
MonitoringTutorialDataset_2887	True	0	0.66941	0.33059	0.0
MonitoringTutorialDataset_0783	False	0	0.9999	1e-04	0.0
MonitoringTutorialDataset_3730	True	1	0.01544	0.98456	0.0
MonitoringTutorialDataset_3619	False	0	0.96006	0.03994	0.0
MonitoringTutorialDataset_1795	True	0	0.71561	0.28439	0.0
MonitoringTutorialDataset_1271	False	1	0.01252	0.98748	0.0
MonitoringTutorialDataset_3295	True	1	0.00709	0.99291	0.0
MonitoringTutorialDataset_3780	True	1	0.02063	0.97937	0.0
MonitoringTutorialDataset_3306	True	1	0.00017	0.99983	0.0
MonitoringTutorialDataset_1326	False	0	0.90237	0.09763	0.0
MonitoringTutorialDataset_2682	True	1	0.00018	0.99982	0.0
MonitoringTutorialDataset_2622	True	1	0.00105	0.99895	0.0
MonitoringTutorialDataset_2574	True	1	0.00015	0.99985	0.0
MonitoringTutorialDataset_0057	False	0	0.97433	0.02567	0.0
MonitoringTutorialDataset_1253	True	1	2e-05	0.99998	0.0
MonitoringTutorialDataset_2383	False	1	0.0064	0.9936	0.0
MonitoringTutorialDataset_2170	False	0	0.99381	0.00619	0.0
MonitoringTutorialDataset_2107	False	0	0.99983	0.00017	0.0
MonitoringTutorialDataset_0560	True	1	8e-05	0.99992	0.0
MonitoringTutorialDataset_1376	True	1	0.28053	0.71947	0.0
MonitoringTutorialDataset_3914	False	0	0.51725	0.48275	0.0
MonitoringTutorialDataset_0553	False	0	0.99326	0.00674	0.0
MonitoringTutorialDataset_0998	False	1	0.0786	0.9214	0.0
MonitoringTutorialDataset_1818	False	0	0.9986	0.0014	0.0
MonitoringTutorialDataset_4059	True	1	0.00601	0.99399	0.0
MonitoringTutorialDataset_1100	True	1	6e-05	0.99994	0.0
MonitoringTutorialDataset_0672	False	0	0.99757	0.00243	0.0
MonitoringTutorialDataset_3874	True	1	0.00377	0.99623	0.0
MonitoringTutorialDataset_1190	False	1	0.00275	0.99725	0.0
MonitoringTutorialDataset_0530	True	1	0.04516	0.95484	0.0
MonitoringTutorialDataset_1072	True	1	0.0	1.0	0.0
MonitoringTutorialDataset_3162	True	1	0.00277	0.99724	0.0
MonitoringTutorialDataset_3199	False	0	0.98226	0.01774	0.0
MonitoringTutorialDataset_1849	True	1	0.1849	0.8151	0.0
MonitoringTutorialDataset_1609	True	1	0.0	1.0	0.0
MonitoringTutorialDataset_3664	True	1	0.0042	0.9958	0.0
MonitoringTutorialDataset_1965	True	1	0.00093	0.99907	0.0
MonitoringTutorialDataset_3707	True	1	0.15065	0.84935	0.0
MonitoringTutorialDataset_1357	False	1	0.09842	0.90158	0.0
MonitoringTutorialDataset_0788	True	1	0.00394	0.99606	0.0
MonitoringTutorialDataset_2997	False	0	0.99987	0.00013	0.0
MonitoringTutorialDataset_2423	True	1	0.0012	0.9988	0.0
MonitoringTutorialDataset_3182	False	0	0.80851	0.19149	0.0
MonitoringTutorialDataset_3117	True	1	0.03003	0.96997	0.0
MonitoringTutorialDataset_3996	False	1	0.0127	0.9873	0.0
MonitoringTutorialDataset_2468	False	1	0.01921	0.98079	0.0
MonitoringTutorialDataset_0497	True	0	0.97142	0.02858	0.0
MonitoringTutorialDataset_2302	False	0	0.80699	0.19301	0.0
MonitoringTutorialDataset_3926	True	1	0.0	1.0	0.0
MonitoringTutorialDataset_0782	True	1	0.1295	0.8705	0.0
MonitoringTutorialDataset_2510	False	0	0.57496	0.42504	0.0
MonitoringTutorialDataset_1177	False	0	0.78136	0.21864	0.0
MonitoringTutorialDataset_3384	False	0	0.9958	0.0042	0.0
MonitoringTutorialDataset_3536	True	1	0.05438	0.94562	0.0
MonitoringTutorialDataset_0941	False	0	0.79481	0.20519	0.0
MonitoringTutorialDataset_2256	True	0	0.99453	0.00547	0.0
MonitoringTutorialDataset_0866	True	1	0.02557	0.97443	0.0
MonitoringTutorialDataset_3759	True	1	0.00265	0.99735	0.0
MonitoringTutorialDataset_0304	True	1	0.00023	0.99977	0.0
MonitoringTutorialDataset_2755	True	1	0.00984	0.99016	0.0
MonitoringTutorialDataset_3769	False	0	0.86422	0.13578	0.0
MonitoringTutorialDataset_3850	False	1	0.01616	0.98384	0.0
MonitoringTutorialDataset_1477	False	0	0.89307	0.10693	0.0
MonitoringTutorialDataset_2752	False	0	0.99732	0.00268	0.0
MonitoringTutorialDataset_2474	False	0	0.99992	8e-05	0.0
MonitoringTutorialDataset_2318	True	1	0.00025	0.99975	0.0
MonitoringTutorialDataset_2333	True	1	0.0	1.0	0.0
MonitoringTutorialDataset_2024	True	0	0.96202	0.03798	0.0
MonitoringTutorialDataset_1677	True	1	0.17413	0.82587	0.0
MonitoringTutorialDataset_3180	False	1	0.12108	0.87892	0.0
MonitoringTutorialDataset_0113	True	1	0.00089	0.99911	0.0
MonitoringTutorialDataset_1216	True	1	0.07128	0.92872	0.0
MonitoringTutorialDataset_1518	False	0	0.99667	0.00333	0.0
MonitoringTutorialDataset_3328	False	0	0.99707	0.00293	0.0
MonitoringTutorialDataset_2857	False	0	0.5796	0.4204	0.0
MonitoringTutorialDataset_3790	True	0	0.99441	0.00559	0.0
MonitoringTutorialDataset_2522	True	1	0.00389	0.99611	0.0
MonitoringTutorialDataset_3408	True	1	0.00093	0.99907	0.0
MonitoringTutorialDataset_2981	False	1	0.10534	0.89466	0.0
MonitoringTutorialDataset_3156	False	1	0.04481	0.95519	0.0
MonitoringTutorialDataset_1665	True	1	0.00644	0.99356	0.0
MonitoringTutorialDataset_3544	True	1	0.00034	0.99966	0.0
MonitoringTutorialDataset_0619	True	1	0.00068	0.99932	0.0
MonitoringTutorialDataset_3340	True	1	1e-05	0.99999	0.0
MonitoringTutorialDataset_1847	False	0	0.9763	0.0237	0.0
MonitoringTutorialDataset_1956	True	1	0.00106	0.99894	0.0
MonitoringTutorialDataset_2046	True	1	0.08751	0.91249	0.0
MonitoringTutorialDataset_3734	False	0	0.99988	0.00012	0.0
MonitoringTutorialDataset_3539	True	1	0.05238	0.94762	0.0
MonitoringTutorialDataset_3578	True	0	0.73038	0.26962	0.0
MonitoringTutorialDataset_2998	True	0	0.99908	0.00092	0.0
MonitoringTutorialDataset_2575	True	1	0.00282	0.99718	0.0
MonitoringTutorialDataset_3944	True	1	0.0	1.0	0.0
MonitoringTutorialDataset_1535	True	1	0.1018	0.8982	0.0
MonitoringTutorialDataset_1712	False	0	0.99885	0.00115	0.0
MonitoringTutorialDataset_3365	False	0	0.99862	0.00138	0.0
MonitoringTutorialDataset_1230	True	1	0.05961	0.94039	0.0
MonitoringTutorialDataset_1927	True	1	0.02302	0.97698	0.0
MonitoringTutorialDataset_0749	True	1	0.02213	0.97787	0.0
MonitoringTutorialDataset_0970	True	1	0.07721	0.92279	0.0
MonitoringTutorialDataset_0013	True	1	0.0	1.0	0.0
MonitoringTutorialDataset_3057	False	1	0.01935	0.98065	0.0
MonitoringTutorialDataset_2696	False	1	0.2166	0.7834	0.0
MonitoringTutorialDataset_1713	False	1	0.01024	0.98976	0.0
MonitoringTutorialDataset_3712	True	1	4e-05	0.99996	0.0
MonitoringTutorialDataset_2864	True	1	3e-05	0.99997	0.0
MonitoringTutorialDataset_1328	True	1	6e-05	0.99994	0.0
MonitoringTutorialDataset_0142	False	0	0.99972	0.00028	0.0
MonitoringTutorialDataset_3206	True	1	0.00034	0.99966	0.0
MonitoringTutorialDataset_2284	False	0	0.70973	0.29027	0.0
MonitoringTutorialDataset_2163	False	0	0.5321	0.4679	0.0
MonitoringTutorialDataset_1949	False	0	0.99588	0.00412	0.0
MonitoringTutorialDataset_2334	False	0	0.99966	0.00034	0.0
MonitoringTutorialDataset_0591	True	1	6e-05	0.99994	0.0
MonitoringTutorialDataset_3935	True	0	0.95327	0.04673	0.0
MonitoringTutorialDataset_1567	True	1	6e-05	0.99994	0.0
MonitoringTutorialDataset_2013	True	1	6e-05	0.99994	0.0
MonitoringTutorialDataset_0273	True	1	0.00021	0.99979	0.0
MonitoringTutorialDataset_3992	True	0	0.9918	0.0082	0.0
MonitoringTutorialDataset_2754	False	0	0.76268	0.23732	0.0
MonitoringTutorialDataset_4036	False	0	0.97994	0.02006	0.0
MonitoringTutorialDataset_1709	True	0	0.66903	0.33097	0.0
MonitoringTutorialDataset_4078	True	1	0.00012	0.99988	0.0
MonitoringTutorialDataset_0792	False	1	0.07316	0.92684	0.0
MonitoringTutorialDataset_1980	False	0	0.99729	0.00271	0.0
MonitoringTutorialDataset_1410	False	1	0.02894	0.97106	0.0
MonitoringTutorialDataset_0020	False	1	0.06238	0.93762	0.0
MonitoringTutorialDataset_2293	False	1	3e-05	0.99997	0.0
MonitoringTutorialDataset_2653	False	0	0.99208	0.00792	0.0
MonitoringTutorialDataset_0947	False	1	0.00028	0.99972	0.0
MonitoringTutorialDataset_0686	True	1	0.0	1.0	0.0
MonitoringTutorialDataset_3482	True	1	5e-05	0.99995	0.0
MonitoringTutorialDataset_0483	False	0	0.77258	0.22742	0.0
MonitoringTutorialDataset_0277	False	1	3e-05	0.99997	0.0
MonitoringTutorialDataset_2309	False	1	0.03277	0.96723	0.0
MonitoringTutorialDataset_0674	True	1	0.00011	0.99989	0.0
MonitoringTutorialDataset_2064	True	1	0.06596	0.93404	0.0
MonitoringTutorialDataset_1985	True	1	1e-05	0.99999	0.0
MonitoringTutorialDataset_1547	True	1	0.00035	0.99965	0.0
MonitoringTutorialDataset_3125	False	1	0.13445	0.86555	0.0
MonitoringTutorialDataset_0556	False	1	0.00016	0.99984	0.0
MonitoringTutorialDataset_3611	False	0	0.99768	0.00232	0.0
MonitoringTutorialDataset_4004	True	1	9e-05	0.99991	0.0
MonitoringTutorialDataset_1591	False	1	0.0007	0.9993	0.0
MonitoringTutorialDataset_3836	True	1	0.00021	0.99979	0.0
MonitoringTutorialDataset_1711	True	1	0.02456	0.97544	0.0
MonitoringTutorialDataset_3368	True	1	0.11262	0.88738	0.0
MonitoringTutorialDataset_0974	False	0	0.75067	0.24933	0.0
MonitoringTutorialDataset_2437	True	1	0.09202	0.90798	0.0
MonitoringTutorialDataset_3668	True	1	0.02512	0.97488	0.0
MonitoringTutorialDataset_2030	False	0	0.98277	0.01723	0.0
MonitoringTutorialDataset_3360	False	1	0.10815	0.89185	0.0
MonitoringTutorialDataset_1911	True	1	9e-05	0.99991	0.0
MonitoringTutorialDataset_2759	False	0	0.94649	0.05351	0.0
MonitoringTutorialDataset_3338	True	1	0.0	1.0	0.0
MonitoringTutorialDataset_2548	False	0	0.99986	0.00014	0.0
MonitoringTutorialDataset_1868	False	0	0.98958	0.01042	0.0
MonitoringTutorialDataset_3114	True	1	0.0	1.0	0.0
MonitoringTutorialDataset_3168	True	1	0.08	0.92	0.0
MonitoringTutorialDataset_1771	True	1	0.00012	0.99988	0.0
MonitoringTutorialDataset_4045	True	1	0.07361	0.92639	0.0
MonitoringTutorialDataset_3463	True	1	0.0	1.0	0.0
MonitoringTutorialDataset_4016	True	1	0.00702	0.99298	0.0
MonitoringTutorialDataset_0545	False	0	0.89781	0.10219	0.0
MonitoringTutorialDataset_0015	False	0	0.91836	0.08164	0.0
MonitoringTutorialDataset_0363	True	1	3e-05	0.99997	0.0
MonitoringTutorialDataset_1194	False	1	0.03413	0.96587	0.0
MonitoringTutorialDataset_1121	True	1	4e-05	0.99996	0.0
MonitoringTutorialDataset_0726	False	0	0.99972	0.00028	0.0
MonitoringTutorialDataset_0628	True	1	0.09524	0.90476	0.0
MonitoringTutorialDataset_1817	False	1	0.49859	0.50141	0.0
MonitoringTutorialDataset_3667	False	1	0.00748	0.99252	0.0
MonitoringTutorialDataset_3651	True	1	0.00016	0.99984	0.0
MonitoringTutorialDataset_0215	False	0	0.99929	0.00071	0.0
MonitoringTutorialDataset_3813	False	0	0.99935	0.00065	0.0
MonitoringTutorialDataset_2743	True	0	0.80971	0.19029	0.0
MonitoringTutorialDataset_3095	True	1	1e-05	0.99999	0.0
MonitoringTutorialDataset_2718	True	1	0.00032	0.99968	0.0
MonitoringTutorialDataset_2248	False	0	0.81871	0.18129	0.0
MonitoringTutorialDataset_0757	False	1	0.0239	0.9761	0.0
MonitoringTutorialDataset_2654	True	1	0.0	1.0	0.0
MonitoringTutorialDataset_1333	True	1	0.01886	0.98114	0.0
MonitoringTutorialDataset_3230	False	0	0.99886	0.00114	0.0
MonitoringTutorialDataset_3332	False	1	0.16496	0.83504	0.0
MonitoringTutorialDataset_0692	False	0	0.82858	0.17142	0.0
MonitoringTutorialDataset_1386	False	1	0.00209	0.99791	0.0
MonitoringTutorialDataset_1599	False	1	0.1836	0.8164	0.0
MonitoringTutorialDataset_2040	False	0	0.59068	0.40932	0.0
MonitoringTutorialDataset_2089	True	0	0.64352	0.35648	0.0
MonitoringTutorialDataset_0904	False	1	0.40809	0.59191	0.0
MonitoringTutorialDataset_3246	True	1	1e-05	0.99999	0.0
MonitoringTutorialDataset_3335	True	0	0.99463	0.00537	0.0
MonitoringTutorialDataset_2662	True	1	0.00047	0.99953	0.0
MonitoringTutorialDataset_0081	True	1	0.00023	0.99977	0.0
MonitoringTutorialDataset_3827	True	1	0.0003	0.9997	0.0
MonitoringTutorialDataset_3732	True	1	0.00026	0.99974	0.0
MonitoringTutorialDataset_0774	True	1	4e-05	0.99996	0.0
MonitoringTutorialDataset_2001	True	1	0.17759	0.82241	0.0
MonitoringTutorialDataset_0943	True	1	0.00024	0.99976	0.0
MonitoringTutorialDataset_1201	False	0	0.88749	0.11251	0.0
MonitoringTutorialDataset_2661	False	0	0.99969	0.00031	0.0
MonitoringTutorialDataset_3137	True	0	0.89533	0.10467	0.0
MonitoringTutorialDataset_0054	True	1	0.00915	0.99085	0.0
MonitoringTutorialDataset_2912	True	1	1e-05	0.99999	0.0
MonitoringTutorialDataset_3580	False	0	0.95815	0.04185	0.0
MonitoringTutorialDataset_0951	False	1	0.13929	0.86071	0.0
MonitoringTutorialDataset_3794	True	1	0.0	1.0	0.0
MonitoringTutorialDataset_1086	False	0	0.99616	0.00384	0.0
MonitoringTutorialDataset_0147	True	1	0.00152	0.99848	0.0
MonitoringTutorialDataset_0848	True	0	0.68412	0.31588	0.0
MonitoringTutorialDataset_1002	False	0	0.99873	0.00127	0.0
MonitoringTutorialDataset_3606	True	1	0.00252	0.99748	0.0
MonitoringTutorialDataset_2687	True	1	6e-05	0.99994	0.0
MonitoringTutorialDataset_3395	True	1	2e-05	0.99998	0.0
MonitoringTutorialDataset_3103	True	1	0.0	1.0	0.0
MonitoringTutorialDataset_1332	True	1	0.01939	0.98061	0.0
MonitoringTutorialDataset_1934	True	1	0.00022	0.99978	0.0
MonitoringTutorialDataset_0355	False	0	0.99929	0.00071	0.0
MonitoringTutorialDataset_2784	True	1	1e-05	0.99999	0.0
MonitoringTutorialDataset_2787	True	1	0.00033	0.99967	0.0
MonitoringTutorialDataset_3263	True	0	0.80194	0.19806	0.0
MonitoringTutorialDataset_4039	True	1	7e-05	0.99993	0.0
MonitoringTutorialDataset_0129	True	1	2e-05	0.99998	0.0
MonitoringTutorialDataset_3949	False	0	0.99907	0.00093	0.0
MonitoringTutorialDataset_2597	True	1	0.00508	0.99492	0.0
MonitoringTutorialDataset_0922	True	1	0.00031	0.99969	0.0
MonitoringTutorialDataset_1692	True	1	0.01527	0.98473	0.0
MonitoringTutorialDataset_2601	False	0	0.96407	0.03593	0.0
MonitoringTutorialDataset_1202	True	1	2e-05	0.99998	0.0
MonitoringTutorialDataset_0820	True	1	0.20411	0.79589	0.0
MonitoringTutorialDataset_3964	True	1	0.00312	0.99688	0.0
MonitoringTutorialDataset_1772	False	0	0.99506	0.00494	0.0
MonitoringTutorialDataset_0131	True	1	0.0	1.0	0.0
MonitoringTutorialDataset_1314	False	0	0.99953	0.00047	0.0
MonitoringTutorialDataset_3106	True	1	0.0	1.0	0.0
MonitoringTutorialDataset_3907	False	1	0.03479	0.96521	0.0
MonitoringTutorialDataset_0375	False	1	0.00283	0.99717	0.0
MonitoringTutorialDataset_1604	True	1	4e-05	0.99996	0.0
MonitoringTutorialDataset_0689	False	0	0.99595	0.00405	0.0
MonitoringTutorialDataset_0901	True	1	0.01028	0.98972	0.0
MonitoringTutorialDataset_1828	True	1	0.06019	0.93981	0.0
MonitoringTutorialDataset_0531	False	1	0.21411	0.78589	0.0
MonitoringTutorialDataset_0723	True	1	0.42915	0.57085	0.0
MonitoringTutorialDataset_3240	True	1	0.06696	0.93304	0.0
MonitoringTutorialDataset_0117	True	1	0.0035	0.9965	0.0
MonitoringTutorialDataset_0074	True	1	0.00278	0.99722	0.0
MonitoringTutorialDataset_1755	True	1	2e-05	0.99998	0.0
MonitoringTutorialDataset_0005	True	1	0.00021	0.99979	0.0
MonitoringTutorialDataset_0228	True	1	1e-04	0.9999	0.0
MonitoringTutorialDataset_1063	False	0	0.9959	0.0041	0.0
MonitoringTutorialDataset_3409	True	1	0.00012	0.99988	0.0
MonitoringTutorialDataset_1605	True	1	1e-04	0.9999	0.0
MonitoringTutorialDataset_3784	True	1	0.00134	0.99866	0.0
MonitoringTutorialDataset_3310	True	1	0.00012	0.99988	0.0
MonitoringTutorialDataset_3326	False	1	0.01863	0.98137	0.0
MonitoringTutorialDataset_2859	False	0	0.99935	0.00065	0.0
MonitoringTutorialDataset_3605	False	0	0.99898	0.00102	0.0
MonitoringTutorialDataset_3635	False	0	0.98562	0.01438	0.0
MonitoringTutorialDataset_3064	False	0	0.97749	0.02251	0.0
MonitoringTutorialDataset_1646	True	1	1e-05	0.99999	0.0
MonitoringTutorialDataset_0882	False	0	0.99915	0.00085	0.0
MonitoringTutorialDataset_0055	True	1	0.00034	0.99966	0.0
MonitoringTutorialDataset_1276	True	1	0.0	1.0	0.0
MonitoringTutorialDataset_3576	True	1	1e-05	0.99999	0.0
MonitoringTutorialDataset_2878	False	0	0.58917	0.41083	0.0
MonitoringTutorialDataset_1968	True	1	1e-05	0.99999	0.0
MonitoringTutorialDataset_3725	True	1	2e-05	0.99998	0.0
MonitoringTutorialDataset_3540	True	1	0.42156	0.57844	0.0
MonitoringTutorialDataset_1489	True	1	0.00526	0.99474	0.0
MonitoringTutorialDataset_3585	True	1	0.00228	0.99772	0.0
MonitoringTutorialDataset_3297	True	1	0.0	1.0	0.0
MonitoringTutorialDataset_0060	False	1	0.01632	0.98368	0.0
MonitoringTutorialDataset_0666	True	0	0.87787	0.12213	0.0
MonitoringTutorialDataset_3560	True	1	0.00504	0.99496	0.0
MonitoringTutorialDataset_1875	False	1	0.00469	0.99531	0.0
MonitoringTutorialDataset_2832	True	1	0.0	1.0	0.0
MonitoringTutorialDataset_3031	True	0	0.98784	0.01216	0.0
MonitoringTutorialDataset_0165	True	1	0.22484	0.77516	0.0
MonitoringTutorialDataset_0248	True	1	0.00021	0.99979	0.0
MonitoringTutorialDataset_1331	False	1	0.27908	0.72092	0.0
MonitoringTutorialDataset_2145	True	1	1e-05	0.99999	0.0
MonitoringTutorialDataset_0434	True	1	0.00078	0.99922	0.0
MonitoringTutorialDataset_0577	True	1	7e-05	0.99993	0.0
MonitoringTutorialDataset_0716	True	1	0.0	1.0	0.0
MonitoringTutorialDataset_1901	True	1	0.02297	0.97703	0.0
MonitoringTutorialDataset_2724	True	1	0.00139	0.99861	0.0
MonitoringTutorialDataset_1460	False	0	0.98626	0.01374	0.0
MonitoringTutorialDataset_1893	True	1	0.01721	0.98279	0.0
MonitoringTutorialDataset_0384	True	1	9e-05	0.99991	0.0
MonitoringTutorialDataset_3284	True	1	0.00013	0.99987	0.0
MonitoringTutorialDataset_1240	False	0	0.98553	0.01447	0.0
MonitoringTutorialDataset_0852	True	0	0.99417	0.00583	0.0
MonitoringTutorialDataset_3352	False	1	0.02055	0.97945	0.0
MonitoringTutorialDataset_3136	True	1	0.0	1.0	0.0
MonitoringTutorialDataset_0373	False	0	0.98209	0.01791	0.0
MonitoringTutorialDataset_3900	True	1	5e-05	0.99995	0.0
MonitoringTutorialDataset_3525	False	0	0.99911	0.00089	0.0
MonitoringTutorialDataset_1944	True	1	0.0	1.0	0.0
MonitoringTutorialDataset_1617	True	1	0.07457	0.92543	0.0
MonitoringTutorialDataset_0389	True	1	5e-05	0.99995	0.0
MonitoringTutorialDataset_3203	True	1	0.0075	0.9925	0.0
MonitoringTutorialDataset_0539	True	1	0.0	1.0	0.0
MonitoringTutorialDataset_1145	True	1	0.02357	0.97643	0.0
MonitoringTutorialDataset_2831	True	1	0.00011	0.99989	0.0
MonitoringTutorialDataset_2220	True	1	0.00011	0.99989	0.0
MonitoringTutorialDataset_2395	False	0	0.95927	0.04073	0.0
MonitoringTutorialDataset_1996	True	1	5e-05	0.99995	0.0
MonitoringTutorialDataset_2434	True	1	0.05668	0.94332	0.0
MonitoringTutorialDataset_0828	True	1	0.00318	0.99682	0.0
MonitoringTutorialDataset_0038	True	1	1e-05	0.99999	0.0
MonitoringTutorialDataset_1205	True	1	2e-05	0.99998	0.0
MonitoringTutorialDataset_4080	True	0	0.95501	0.04499	0.0
MonitoringTutorialDataset_1155	False	0	0.88959	0.11041	0.0
MonitoringTutorialDataset_1388	False	0	0.98507	0.01493	0.0
MonitoringTutorialDataset_3236	True	1	0.0	1.0	0.0
MonitoringTutorialDataset_1540	True	1	0.00053	0.99947	0.0
MonitoringTutorialDataset_2217	True	1	0.00237	0.99763	0.0
MonitoringTutorialDataset_1542	True	1	0.0	1.0	0.0
MonitoringTutorialDataset_1062	True	1	1e-05	0.99999	0.0
MonitoringTutorialDataset_1167	False	1	3e-05	0.99997	0.0
MonitoringTutorialDataset_3222	True	1	0.00018	0.99982	0.0
MonitoringTutorialDataset_1492	False	0	0.99794	0.00206	0.0
MonitoringTutorialDataset_0143	True	1	0.00017	0.99983	0.0
MonitoringTutorialDataset_2782	True	1	0.00047	0.99953	0.0
MonitoringTutorialDataset_0396	True	1	1e-05	0.99999	0.0
MonitoringTutorialDataset_1821	False	0	0.98563	0.01437	0.0
MonitoringTutorialDataset_2786	False	1	0.03141	0.96859	0.0
MonitoringTutorialDataset_2504	False	0	0.98581	0.01419	0.0
MonitoringTutorialDataset_1649	True	1	0.00299	0.99701	0.0
MonitoringTutorialDataset_0825	False	1	0.14245	0.85755	0.0
MonitoringTutorialDataset_3267	True	1	0.00272	0.99728	0.0
MonitoringTutorialDataset_0114	True	1	0.00871	0.99129	0.0
MonitoringTutorialDataset_3998	False	0	0.99583	0.00417	0.0
MonitoringTutorialDataset_3553	True	1	2e-05	0.99998	0.0
MonitoringTutorialDataset_2082	True	1	1e-05	0.99999	0.0
MonitoringTutorialDataset_1630	True	1	0.0	1.0	0.0
MonitoringTutorialDataset_0011	True	1	8e-05	0.99992	0.0
MonitoringTutorialDataset_3805	False	1	0.00829	0.99171	0.0
MonitoringTutorialDataset_3497	True	1	0.0	1.0	0.0
MonitoringTutorialDataset_3819	True	1	2e-05	0.99998	0.0
MonitoringTutorialDataset_2809	False	0	0.99086	0.00914	0.0
MonitoringTutorialDataset_2070	True	1	0.0	1.0	0.0
MonitoringTutorialDataset_0550	True	1	0.07946	0.92054	0.0
MonitoringTutorialDataset_1227	True	1	0.0	1.0	0.0
MonitoringTutorialDataset_2141	True	1	0.00098	0.99902	0.0
MonitoringTutorialDataset_1008	False	1	0.16942	0.83058	0.0
MonitoringTutorialDataset_1092	True	1	0.00458	0.99542	0.0
MonitoringTutorialDataset_1679	True	1	0.00037	0.99963	0.0
MonitoringTutorialDataset_0153	True	0	0.63333	0.36667	0.0
MonitoringTutorialDataset_3147	True	1	0.02044	0.97956	0.0
MonitoringTutorialDataset_2837	True	1	0.00383	0.99617	0.0
MonitoringTutorialDataset_1470	True	1	0.00042	0.99958	0.0
MonitoringTutorialDataset_1141	True	1	1e-05	0.99999	0.0
MonitoringTutorialDataset_2849	False	0	0.97296	0.02704	0.0
MonitoringTutorialDataset_2838	True	1	0.00054	0.99946	0.0
MonitoringTutorialDataset_0740	True	1	0.00156	0.99844	0.0
MonitoringTutorialDataset_1081	False	1	0.06237	0.93763	0.0
MonitoringTutorialDataset_2703	True	1	0.12721	0.87279	0.0
MonitoringTutorialDataset_1219	True	1	0.1511	0.8489	0.0
MonitoringTutorialDataset_2361	True	1	9e-05	0.99991	0.0
MonitoringTutorialDataset_1115	False	0	0.97239	0.02761	0.0
MonitoringTutorialDataset_1906	True	1	0.00045	0.99955	0.0
MonitoringTutorialDataset_2701	True	1	0.0081	0.9919	0.0
MonitoringTutorialDataset_0684	False	0	0.99983	0.00017	0.0
MonitoringTutorialDataset_0035	True	1	0.0	1.0	0.0
MonitoringTutorialDataset_2950	False	0	0.99117	0.00883	0.0
MonitoringTutorialDataset_1841	True	1	0.0057	0.9943	0.0
MonitoringTutorialDataset_3983	False	0	0.99838	0.00162	0.0
MonitoringTutorialDataset_0245	True	1	0.00013	0.99987	0.0
MonitoringTutorialDataset_1409	True	1	0.03228	0.96772	0.0
MonitoringTutorialDataset_2537	True	1	0.02463	0.97537	0.0
MonitoringTutorialDataset_1816	True	1	0.00012	0.99988	0.0
MonitoringTutorialDataset_4050	True	1	2e-05	0.99998	0.0
MonitoringTutorialDataset_2975	True	1	2e-05	0.99998	0.0
MonitoringTutorialDataset_0980	False	0	0.98793	0.01207	0.0
MonitoringTutorialDataset_3911	True	1	0.00299	0.99701	0.0
MonitoringTutorialDataset_3583	False	0	0.97586	0.02414	0.0
MonitoringTutorialDataset_3120	False	0	0.99628	0.00372	0.0
MonitoringTutorialDataset_0546	False	1	0.00849	0.99151	0.0
MonitoringTutorialDataset_2926	False	0	0.93981	0.06019	0.0
MonitoringTutorialDataset_4029	True	1	0.15715	0.84285	0.0
MonitoringTutorialDataset_2085	True	1	0.01821	0.98179	0.0
MonitoringTutorialDataset_3446	True	1	0.03376	0.96624	0.0
MonitoringTutorialDataset_2735	True	1	0.00058	0.99942	0.0
MonitoringTutorialDataset_1300	False	0	0.95387	0.04613	0.0
MonitoringTutorialDataset_0160	True	0	0.99942	0.00058	0.0
MonitoringTutorialDataset_3234	False	0	0.99954	0.00046	0.0
MonitoringTutorialDataset_3960	True	1	4e-05	0.99996	0.0
MonitoringTutorialDataset_0103	True	1	0.0	1.0	0.0
MonitoringTutorialDataset_0586	False	1	0.002	0.998	0.0
MonitoringTutorialDataset_1154	False	1	0.41038	0.58962	0.0
MonitoringTutorialDataset_2863	False	1	0.04586	0.95414	0.0
MonitoringTutorialDataset_2056	True	1	0.00833	0.99167	0.0
MonitoringTutorialDataset_0452	True	1	2e-05	0.99998	0.0
MonitoringTutorialDataset_2944	False	0	0.87625	0.12375	0.0
MonitoringTutorialDataset_3765	True	1	0.00159	0.99841	0.0
MonitoringTutorialDataset_1787	False	0	0.99845	0.00155	0.0
MonitoringTutorialDataset_4064	False	0	0.9985	0.0015	0.0
MonitoringTutorialDataset_2598	True	1	0.00489	0.99511	0.0
MonitoringTutorialDataset_1369	False	0	0.9297	0.0703	0.0
MonitoringTutorialDataset_3002	False	1	0.00049	0.99951	0.0
MonitoringTutorialDataset_1794	True	1	0.00151	0.99849	0.0
MonitoringTutorialDataset_3397	False	0	0.96291	0.03709	0.0
MonitoringTutorialDataset_2191	False	1	0.08453	0.91547	0.0
MonitoringTutorialDataset_0197	True	1	0.11563	0.88437	0.0
MonitoringTutorialDataset_3681	False	0	0.94171	0.05829	0.0
MonitoringTutorialDataset_0766	True	1	0.0	1.0	0.0
MonitoringTutorialDataset_0400	False	0	0.99312	0.00688	0.0
MonitoringTutorialDataset_0122	True	1	0.03819	0.96181	0.0
MonitoringTutorialDataset_1439	True	1	0.42795	0.57205	0.0
MonitoringTutorialDataset_3474	True	1	0.01613	0.98387	0.0
MonitoringTutorialDataset_0698	False	1	2e-05	0.99998	0.0
MonitoringTutorialDataset_3458	False	0	0.98526	0.01474	0.0
MonitoringTutorialDataset_1291	False	0	0.99958	0.00042	0.0
MonitoringTutorialDataset_1520	False	1	0.0265	0.9735	0.0
MonitoringTutorialDataset_1136	True	1	2e-05	0.99998	0.0
MonitoringTutorialDataset_0683	True	1	0.02018	0.97982	0.0
MonitoringTutorialDataset_3842	False	0	0.98524	0.01476	0.0
MonitoringTutorialDataset_0972	False	1	0.11477	0.88523	0.0
MonitoringTutorialDataset_2680	True	1	7e-05	0.99993	0.0
MonitoringTutorialDataset_1306	False	0	0.95389	0.04611	0.0
MonitoringTutorialDataset_1408	True	1	0.00023	0.99977	0.0
MonitoringTutorialDataset_2237	True	1	0.00296	0.99704	0.0
MonitoringTutorialDataset_2038	False	1	0.10031	0.89969	0.0
MonitoringTutorialDataset_1051	True	0	0.82842	0.17159	0.0
MonitoringTutorialDataset_0795	True	1	0.00012	0.99988	0.0
MonitoringTutorialDataset_0540	False	1	0.00828	0.99172	0.0
MonitoringTutorialDataset_3927	True	1	3e-05	0.99997	0.0
MonitoringTutorialDataset_3478	True	1	0.00057	0.99943	0.0
MonitoringTutorialDataset_1923	True	1	0.00012	0.99988	0.0
MonitoringTutorialDataset_0095	True	1	0.00017	0.99983	0.0
MonitoringTutorialDataset_1484	True	1	5e-05	0.99995	0.0
MonitoringTutorialDataset_2814	True	1	0.20131	0.79869	0.0
MonitoringTutorialDataset_3916	True	1	0.00046	0.99954	0.0
MonitoringTutorialDataset_3840	True	1	0.00031	0.99969	0.0
MonitoringTutorialDataset_1485	False	0	0.99065	0.00935	0.0
MonitoringTutorialDataset_3810	True	1	5e-05	0.99995	0.0
MonitoringTutorialDataset_2731	False	0	0.99955	0.00045	0.0
MonitoringTutorialDataset_3645	False	0	0.84582	0.15418	0.0
MonitoringTutorialDataset_3119	False	1	0.0236	0.9764	0.0
MonitoringTutorialDataset_3104	False	1	0.06554	0.93446	0.0
MonitoringTutorialDataset_2977	False	0	0.96545	0.03455	0.0
MonitoringTutorialDataset_3065	False	0	0.96475	0.03525	0.0
MonitoringTutorialDataset_2278	True	1	0.0007	0.9993	0.0
MonitoringTutorialDataset_2640	True	1	6e-05	0.99994	0.0
MonitoringTutorialDataset_3134	True	1	0.02121	0.97879	0.0
MonitoringTutorialDataset_3884	False	1	0.35587	0.64413	0.0
MonitoringTutorialDataset_2235	True	1	1e-05	0.99999	0.0
MonitoringTutorialDataset_0337	True	1	0.22109	0.77891	0.0
MonitoringTutorialDataset_3796	True	1	0.00378	0.99622	0.0
MonitoringTutorialDataset_1275	True	1	8e-05	0.99992	0.0
MonitoringTutorialDataset_0455	True	1	1e-05	0.99999	0.0
MonitoringTutorialDataset_0815	True	1	0.0	1.0	0.0
MonitoringTutorialDataset_0201	False	0	0.63683	0.36317	0.0
MonitoringTutorialDataset_2449	False	1	0.15022	0.84978	0.0
MonitoringTutorialDataset_0775	True	1	1e-05	0.99999	0.0
MonitoringTutorialDataset_2945	False	0	0.99999	1e-05	0.0
MonitoringTutorialDataset_0975	True	1	0.04262	0.95738	0.0
MonitoringTutorialDataset_2324	True	1	0.00208	0.99792	0.0
MonitoringTutorialDataset_3380	False	1	0.0947	0.9053	0.0
MonitoringTutorialDataset_0130	True	0	0.84242	0.15758	0.0
MonitoringTutorialDataset_0330	False	1	0.07823	0.92177	0.0
MonitoringTutorialDataset_0466	True	1	0.09155	0.90845	0.0
MonitoringTutorialDataset_3092	False	0	0.99153	0.00847	0.0
MonitoringTutorialDataset_3772	False	0	0.99641	0.00359	0.0
MonitoringTutorialDataset_1187	True	1	3e-05	0.99997	1.0
MonitoringTutorialDataset_2517	True	0	0.55086	0.44914	1.0
MonitoringTutorialDataset_2023	False	0	0.97294	0.02706	1.0
MonitoringTutorialDataset_3514	True	1	0.00203	0.99798	1.0
MonitoringTutorialDataset_0283	True	1	3e-05	0.99997	1.0
MonitoringTutorialDataset_2348	False	0	0.99769	0.00231	1.0
MonitoringTutorialDataset_2937	False	0	0.99753	0.00247	1.0
MonitoringTutorialDataset_0602	True	1	0.02322	0.97678	1.0
MonitoringTutorialDataset_3501	False	0	0.98601	0.01399	1.0
MonitoringTutorialDataset_3564	True	1	0.0	1.0	1.0
MonitoringTutorialDataset_1231	True	1	0.41009	0.58991	1.0
MonitoringTutorialDataset_2328	False	1	0.0104	0.9896	1.0
MonitoringTutorialDataset_2496	False	1	0.10758	0.89242	1.0
MonitoringTutorialDataset_1057	False	0	0.918	0.082	1.0
MonitoringTutorialDataset_2955	True	1	0.00481	0.99519	1.0
MonitoringTutorialDataset_2045	False	0	0.9574	0.0426	1.0
MonitoringTutorialDataset_3528	True	1	0.00012	0.99988	1.0
MonitoringTutorialDataset_2304	False	1	0.2458	0.7542	1.0
MonitoringTutorialDataset_0155	True	1	0.00063	0.99937	1.0
MonitoringTutorialDataset_0727	False	0	0.99988	0.00012	1.0
MonitoringTutorialDataset_2833	False	0	0.99948	0.00052	1.0
MonitoringTutorialDataset_0371	False	0	0.99971	0.00029	1.0
MonitoringTutorialDataset_1978	True	1	0.4207	0.5793	1.0
MonitoringTutorialDataset_1754	True	1	0.00126	0.99874	1.0
MonitoringTutorialDataset_3666	True	1	0.00401	0.99599	1.0
MonitoringTutorialDataset_1938	True	1	0.09129	0.90871	1.0
MonitoringTutorialDataset_2157	True	0	0.97718	0.02282	1.0
MonitoringTutorialDataset_3055	True	1	0.00019	0.99981	1.0
MonitoringTutorialDataset_2102	True	1	0.00101	0.99899	1.0
MonitoringTutorialDataset_2553	True	1	3e-05	0.99997	1.0
MonitoringTutorialDataset_1788	False	1	0.0049	0.9951	1.0
MonitoringTutorialDataset_1412	True	1	0.00048	0.99952	1.0
MonitoringTutorialDataset_0507	True	1	2e-05	0.99998	1.0
MonitoringTutorialDataset_2195	True	1	0.00199	0.99801	1.0
MonitoringTutorialDataset_3526	True	1	0.0	1.0	1.0
MonitoringTutorialDataset_3058	False	0	0.98173	0.01827	1.0
MonitoringTutorialDataset_3292	True	1	0.00016	0.99984	1.0
MonitoringTutorialDataset_3439	True	1	0.0	1.0	1.0
MonitoringTutorialDataset_2228	True	1	0.06408	0.93592	1.0
MonitoringTutorialDataset_1272	True	0	0.73449	0.26551	1.0
MonitoringTutorialDataset_2290	True	1	0.01787	0.98213	1.0
MonitoringTutorialDataset_0422	True	0	0.73099	0.26901	1.0
MonitoringTutorialDataset_2577	False	0	0.99997	3e-05	1.0
MonitoringTutorialDataset_0288	True	1	0.00411	0.99589	1.0
MonitoringTutorialDataset_4067	False	1	0.03721	0.96279	1.0
MonitoringTutorialDataset_3592	True	1	0.00531	0.99469	1.0
MonitoringTutorialDataset_1777	False	1	0.00373	0.99627	1.0
MonitoringTutorialDataset_2852	True	1	0.0	1.0	1.0
MonitoringTutorialDataset_2241	False	0	0.61885	0.38115	1.0
MonitoringTutorialDataset_3016	True	1	2e-05	0.99998	1.0
MonitoringTutorialDataset_0742	True	1	9e-05	0.99991	1.0
MonitoringTutorialDataset_2111	True	0	0.99799	0.00201	1.0
MonitoringTutorialDataset_1097	True	1	0.00043	0.99957	1.0
MonitoringTutorialDataset_1545	False	0	0.98476	0.01524	1.0
MonitoringTutorialDataset_0048	True	1	0.0	1.0	1.0
MonitoringTutorialDataset_0921	True	1	1e-05	0.99999	1.0
MonitoringTutorialDataset_3570	True	1	0.00683	0.99317	1.0
MonitoringTutorialDataset_1764	True	1	0.00076	0.99924	1.0
MonitoringTutorialDataset_3041	True	1	0.04426	0.95574	1.0
MonitoringTutorialDataset_2486	False	1	0.0012	0.9988	1.0
MonitoringTutorialDataset_2584	False	0	0.99984	0.00016	1.0
MonitoringTutorialDataset_3531	True	1	0.48441	0.51559	1.0
MonitoringTutorialDataset_2310	True	0	0.86358	0.13642	1.0
MonitoringTutorialDataset_2964	False	0	0.99717	0.00283	1.0
MonitoringTutorialDataset_2819	True	1	0.0027	0.9973	1.0
MonitoringTutorialDataset_0765	True	1	0.0	1.0	1.0
MonitoringTutorialDataset_0582	True	1	0.00016	0.99984	1.0
MonitoringTutorialDataset_1080	True	1	0.01803	0.98197	1.0
MonitoringTutorialDataset_1885	False	0	0.97199	0.02801	1.0
MonitoringTutorialDataset_2732	False	1	0.29584	0.70416	1.0
MonitoringTutorialDataset_3895	True	1	0.0	1.0	1.0
MonitoringTutorialDataset_0697	False	0	0.97641	0.02359	1.0
MonitoringTutorialDataset_3699	True	1	0.00078	0.99922	1.0
MonitoringTutorialDataset_0565	True	1	0.01347	0.98653	1.0
MonitoringTutorialDataset_2800	False	0	0.99343	0.00657	1.0
MonitoringTutorialDataset_0472	True	1	0.04208	0.95792	1.0
MonitoringTutorialDataset_3465	False	0	0.87779	0.12221	1.0
MonitoringTutorialDataset_2299	True	1	2e-05	0.99998	1.0
MonitoringTutorialDataset_1793	False	1	0.23375	0.76625	1.0
MonitoringTutorialDataset_0695	True	1	0.00393	0.99607	1.0
MonitoringTutorialDataset_2292	True	1	0.00288	0.99712	1.0
MonitoringTutorialDataset_3870	False	0	0.99507	0.00493	1.0
MonitoringTutorialDataset_0533	False	0	0.99979	0.00021	1.0
MonitoringTutorialDataset_3315	True	1	0.00107	0.99893	1.0
MonitoringTutorialDataset_3806	True	1	0.00019	0.99981	1.0
MonitoringTutorialDataset_3318	True	0	0.9939	0.0061	1.0
MonitoringTutorialDataset_3610	True	1	1e-05	0.99999	1.0
MonitoringTutorialDataset_3920	True	1	0.0042	0.9958	1.0
MonitoringTutorialDataset_2258	False	0	0.7482	0.2518	1.0
MonitoringTutorialDataset_2236	False	0	0.6869	0.3131	1.0
MonitoringTutorialDataset_3936	True	1	1e-05	0.99999	1.0
MonitoringTutorialDataset_0522	True	1	0.00036	0.99964	1.0
MonitoringTutorialDataset_1351	True	1	1e-05	0.99999	1.0
MonitoringTutorialDataset_3515	True	1	2e-05	0.99998	1.0
MonitoringTutorialDataset_3775	True	1	0.00084	0.99916	1.0
MonitoringTutorialDataset_3781	True	1	0.0	1.0	1.0
MonitoringTutorialDataset_0945	True	1	0.00027	0.99973	1.0
MonitoringTutorialDataset_1886	True	1	0.0021	0.9979	1.0
MonitoringTutorialDataset_0367	True	1	2e-05	0.99998	1.0
MonitoringTutorialDataset_3524	True	1	2e-05	0.99998	1.0
MonitoringTutorialDataset_1234	False	1	4e-05	0.99996	1.0
MonitoringTutorialDataset_1497	True	1	0.0	1.0	1.0
MonitoringTutorialDataset_1688	True	1	0.03128	0.96872	1.0
MonitoringTutorialDataset_2456	False	0	0.99967	0.00033	1.0
MonitoringTutorialDataset_3028	True	1	1e-05	0.99999	1.0
MonitoringTutorialDataset_3984	True	1	1e-05	0.99999	1.0
MonitoringTutorialDataset_1143	False	1	0.14272	0.85728	1.0
MonitoringTutorialDataset_0191	True	1	0.03325	0.96675	1.0
MonitoringTutorialDataset_2057	True	1	0.00199	0.99801	1.0
MonitoringTutorialDataset_3109	True	0	0.96027	0.03973	1.0
MonitoringTutorialDataset_1735	True	1	0.20716	0.79284	1.0
MonitoringTutorialDataset_2212	True	0	0.51574	0.48426	1.0
MonitoringTutorialDataset_2987	True	1	0.13771	0.86229	1.0
MonitoringTutorialDataset_3268	True	1	0.00131	0.99869	1.0
MonitoringTutorialDataset_2463	False	0	0.9961	0.0039	1.0
MonitoringTutorialDataset_0212	True	1	0.03868	0.96132	1.0
MonitoringTutorialDataset_1036	True	1	1e-05	0.99999	1.0
MonitoringTutorialDataset_3947	False	0	0.99459	0.00541	1.0
MonitoringTutorialDataset_4038	False	1	0.06505	0.93495	1.0
MonitoringTutorialDataset_3633	False	0	0.99915	0.00085	1.0
MonitoringTutorialDataset_0597	False	0	0.93061	0.06939	1.0
MonitoringTutorialDataset_0981	False	0	0.99691	0.00309	1.0
MonitoringTutorialDataset_1551	True	1	8e-05	0.99992	1.0
MonitoringTutorialDataset_0767	True	1	0.21815	0.78185	1.0
MonitoringTutorialDataset_0819	True	1	0.00588	0.99412	1.0
MonitoringTutorialDataset_3563	True	1	0.00072	0.99928	1.0
MonitoringTutorialDataset_2788	False	0	0.98599	0.01401	1.0
MonitoringTutorialDataset_3049	True	1	0.00012	0.99988	1.0
MonitoringTutorialDataset_0542	True	1	0.0	1.0	1.0
MonitoringTutorialDataset_1459	False	0	0.99924	0.00076	1.0
MonitoringTutorialDataset_1133	True	1	0.08387	0.91613	1.0
MonitoringTutorialDataset_2776	True	1	3e-05	0.99997	1.0
MonitoringTutorialDataset_0163	False	0	0.99968	0.00032	1.0
MonitoringTutorialDataset_2850	True	1	1e-05	0.99999	1.0
MonitoringTutorialDataset_1767	False	0	0.84445	0.15555	1.0
MonitoringTutorialDataset_1181	False	0	0.96026	0.03974	1.0
MonitoringTutorialDataset_1691	False	1	0.18689	0.81311	1.0
MonitoringTutorialDataset_2780	True	0	0.99389	0.00611	1.0
MonitoringTutorialDataset_1442	True	1	0.00019	0.99981	1.0
MonitoringTutorialDataset_0261	False	0	0.99074	0.00926	1.0
MonitoringTutorialDataset_2727	True	1	0.0048	0.9952	1.0
MonitoringTutorialDataset_3205	True	1	2e-05	0.99998	1.0
MonitoringTutorialDataset_2943	True	1	8e-05	0.99992	1.0
MonitoringTutorialDataset_0834	False	0	0.90576	0.09424	1.0
MonitoringTutorialDataset_2400	True	1	0.06969	0.93031	1.0
MonitoringTutorialDataset_2602	True	1	0.00391	0.99609	1.0
MonitoringTutorialDataset_1941	False	0	0.99724	0.00276	1.0
MonitoringTutorialDataset_3374	False	0	0.99571	0.00429	1.0
MonitoringTutorialDataset_2775	True	0	0.93297	0.06703	1.0
MonitoringTutorialDataset_0626	True	1	0.07162	0.92838	1.0
MonitoringTutorialDataset_0911	True	1	0.00017	0.99983	1.0
MonitoringTutorialDataset_3344	False	0	0.99983	0.00017	1.0
MonitoringTutorialDataset_1973	True	1	0.00493	0.99507	1.0
MonitoringTutorialDataset_0286	True	1	0.00015	0.99985	1.0
MonitoringTutorialDataset_1465	False	0	0.99995	5e-05	1.0
MonitoringTutorialDataset_2963	False	0	0.89797	0.10203	1.0
MonitoringTutorialDataset_3789	True	1	0.00074	0.99926	1.0
MonitoringTutorialDataset_3834	True	1	0.3313	0.6687	1.0
MonitoringTutorialDataset_3379	True	1	0.01868	0.98132	1.0
MonitoringTutorialDataset_0072	False	0	0.94323	0.05677	1.0
MonitoringTutorialDataset_1971	True	1	0.02498	0.97502	1.0
MonitoringTutorialDataset_2095	False	0	0.85275	0.14725	1.0
MonitoringTutorialDataset_3728	True	1	1e-05	0.99999	1.0
MonitoringTutorialDataset_0508	True	1	0.25536	0.74464	1.0
MonitoringTutorialDataset_1546	True	1	0.00097	0.99903	1.0
MonitoringTutorialDataset_1907	False	0	0.99997	3e-05	1.0
MonitoringTutorialDataset_0630	True	1	0.0999	0.9001	1.0
MonitoringTutorialDataset_1808	True	1	0.02725	0.97275	1.0
MonitoringTutorialDataset_0482	False	0	0.9794	0.0206	1.0
MonitoringTutorialDataset_3231	False	0	0.99328	0.00672	1.0
MonitoringTutorialDataset_0856	False	1	0.49696	0.50304	1.0
MonitoringTutorialDataset_1225	False	1	0.00252	0.99748	1.0
MonitoringTutorialDataset_3351	False	0	0.67516	0.32485	1.0
MonitoringTutorialDataset_1869	True	1	0.00025	0.99975	1.0
MonitoringTutorialDataset_1656	False	1	0.06372	0.93628	1.0
MonitoringTutorialDataset_3020	True	1	0.05011	0.94989	1.0
MonitoringTutorialDataset_4030	True	1	1e-05	0.99999	1.0
MonitoringTutorialDataset_3841	True	1	0.00245	0.99755	1.0
MonitoringTutorialDataset_2149	True	0	0.6165	0.3835	1.0
MonitoringTutorialDataset_3568	True	1	0.01831	0.98169	1.0
MonitoringTutorialDataset_1606	False	0	0.99598	0.00402	1.0
MonitoringTutorialDataset_2176	True	0	0.60688	0.39312	1.0
MonitoringTutorialDataset_0643	True	1	0.0	1.0	1.0
MonitoringTutorialDataset_2086	False	0	0.87996	0.12004	1.0
MonitoringTutorialDataset_1681	True	1	0.0	1.0	1.0
MonitoringTutorialDataset_3697	True	1	0.0	1.0	1.0
MonitoringTutorialDataset_3329	True	0	0.99903	0.00097	1.0
MonitoringTutorialDataset_2540	True	1	2e-05	0.99998	1.0
MonitoringTutorialDataset_2805	True	1	0.00072	0.99928	1.0
MonitoringTutorialDataset_3211	True	0	0.9912	0.0088	1.0
MonitoringTutorialDataset_2949	True	1	0.00136	0.99864	1.0
MonitoringTutorialDataset_0323	True	1	0.00719	0.99281	1.0
MonitoringTutorialDataset_3280	False	0	0.99722	0.00278	1.0
MonitoringTutorialDataset_0406	False	0	0.99985	0.00015	1.0
MonitoringTutorialDataset_3194	False	0	0.9988	0.0012	1.0
MonitoringTutorialDataset_0303	True	1	0.0	1.0	1.0
MonitoringTutorialDataset_2742	True	1	3e-05	0.99997	1.0
MonitoringTutorialDataset_3215	True	1	0.03177	0.96823	1.0
MonitoringTutorialDataset_2375	True	1	0.0	1.0	1.0
MonitoringTutorialDataset_1099	False	0	0.9818	0.01819	1.0
MonitoringTutorialDataset_1088	False	0	0.99977	0.00023	1.0
MonitoringTutorialDataset_3872	True	1	8e-05	0.99992	1.0
MonitoringTutorialDataset_3889	False	0	0.99541	0.00459	1.0
MonitoringTutorialDataset_0821	False	1	0.00119	0.99881	1.0
MonitoringTutorialDataset_3341	False	0	0.96334	0.03666	1.0
MonitoringTutorialDataset_1302	True	1	0.18717	0.81283	1.0
MonitoringTutorialDataset_3355	False	0	0.83586	0.16414	1.0
MonitoringTutorialDataset_3186	True	0	0.72269	0.27731	1.0
MonitoringTutorialDataset_0018	True	0	0.89826	0.10174	1.0
MonitoringTutorialDataset_1667	True	1	1e-05	0.99999	1.0
MonitoringTutorialDataset_1125	True	1	0.13595	0.86405	1.0
MonitoringTutorialDataset_2893	True	1	0.00647	0.99353	1.0
MonitoringTutorialDataset_1608	False	0	0.96698	0.03302	1.0
MonitoringTutorialDataset_2279	False	0	0.99917	0.00083	1.0
MonitoringTutorialDataset_1009	False	1	0.00018	0.99982	1.0
MonitoringTutorialDataset_3468	True	1	5e-05	0.99995	1.0
MonitoringTutorialDataset_3718	True	1	0.00078	0.99922	1.0
MonitoringTutorialDataset_3860	False	0	0.98108	0.01892	1.0
MonitoringTutorialDataset_3809	False	0	0.9997	0.0003	1.0
MonitoringTutorialDataset_2751	False	0	0.81823	0.18177	1.0
MonitoringTutorialDataset_0743	True	1	0.00122	0.99878	1.0
MonitoringTutorialDataset_1198	True	1	0.0	1.0	1.0
MonitoringTutorialDataset_3030	False	0	0.99723	0.00277	1.0
MonitoringTutorialDataset_0383	False	1	1e-05	0.99999	1.0
MonitoringTutorialDataset_2221	True	0	0.90908	0.09092	1.0
MonitoringTutorialDataset_0494	False	0	0.68649	0.31351	1.0
MonitoringTutorialDataset_1207	True	1	0.0	1.0	1.0
MonitoringTutorialDataset_1820	True	1	1e-05	0.99999	1.0
MonitoringTutorialDataset_2973	False	0	0.99976	0.00024	1.0
MonitoringTutorialDataset_2772	True	1	8e-05	0.99992	1.0
MonitoringTutorialDataset_1239	True	1	8e-05	0.99992	1.0
MonitoringTutorialDataset_2226	True	0	0.99818	0.00182	1.0
MonitoringTutorialDataset_1229	False	1	0.04078	0.95922	1.0
MonitoringTutorialDataset_2706	True	1	2e-05	0.99998	1.0
MonitoringTutorialDataset_0836	False	0	0.99983	0.00017	1.0
MonitoringTutorialDataset_1780	True	1	0.0944	0.9056	1.0
MonitoringTutorialDataset_1058	True	1	0.0	1.0	1.0
MonitoringTutorialDataset_3079	True	0	0.98764	0.01236	1.0
MonitoringTutorialDataset_0968	True	1	0.21378	0.78622	1.0
MonitoringTutorialDataset_2112	True	1	1e-05	0.99999	1.0
MonitoringTutorialDataset_3979	True	1	0.00179	0.99821	1.0
MonitoringTutorialDataset_1655	True	1	0.00071	0.99929	1.0
MonitoringTutorialDataset_2020	False	0	0.99891	0.00109	1.0
MonitoringTutorialDataset_1307	False	0	0.99982	0.00018	1.0
MonitoringTutorialDataset_0575	False	1	0.00179	0.99821	1.0
MonitoringTutorialDataset_2506	True	1	0.06337	0.93663	1.0
MonitoringTutorialDataset_3015	False	0	0.69494	0.30506	1.0
MonitoringTutorialDataset_1801	True	1	0.00012	0.99988	1.0
MonitoringTutorialDataset_1447	True	1	0.03482	0.96518	1.0
MonitoringTutorialDataset_0503	False	0	0.97393	0.02607	1.0
MonitoringTutorialDataset_0380	True	1	2e-05	0.99998	1.0
MonitoringTutorialDataset_0374	True	1	0.0022	0.9978	1.0
MonitoringTutorialDataset_0939	False	1	0.0563	0.9437	1.0
MonitoringTutorialDataset_0636	False	1	1e-05	0.99999	1.0
MonitoringTutorialDataset_0607	True	1	0.0	1.0	1.0
MonitoringTutorialDataset_3846	False	0	0.99991	9e-05	1.0
MonitoringTutorialDataset_1748	False	1	0.10661	0.89339	1.0
MonitoringTutorialDataset_0311	False	0	0.99936	0.00064	1.0
MonitoringTutorialDataset_0548	True	1	0.0	1.0	1.0
MonitoringTutorialDataset_0306	False	0	0.995	0.005	1.0
MonitoringTutorialDataset_2364	True	1	1e-05	0.99999	1.0
MonitoringTutorialDataset_3366	True	1	1e-04	0.9999	1.0
MonitoringTutorialDataset_3686	True	1	0.01719	0.98281	1.0
MonitoringTutorialDataset_3783	False	0	0.99896	0.00104	1.0
MonitoringTutorialDataset_3596	False	0	0.99894	0.00106	1.0
MonitoringTutorialDataset_4072	True	1	0.0	1.0	1.0
MonitoringTutorialDataset_3799	True	1	0.07498	0.92502	1.0
MonitoringTutorialDataset_4011	True	1	0.0	1.0	1.0
MonitoringTutorialDataset_3785	True	1	9e-05	0.99991	1.0
MonitoringTutorialDataset_0213	True	1	0.0	1.0	1.0
MonitoringTutorialDataset_0778	False	0	0.99772	0.00228	1.0
MonitoringTutorialDataset_2043	True	1	0.00021	0.99979	1.0
MonitoringTutorialDataset_0394	True	1	0.49675	0.50325	1.0
MonitoringTutorialDataset_2367	True	1	0.01123	0.98877	1.0
MonitoringTutorialDataset_3990	True	1	0.00059	0.99941	1.0
MonitoringTutorialDataset_0526	True	1	0.00139	0.99861	1.0
MonitoringTutorialDataset_0377	False	0	0.87178	0.12822	1.0
MonitoringTutorialDataset_3722	False	0	0.99916	0.00084	1.0
MonitoringTutorialDataset_0348	False	1	0.0127	0.9873	1.0
MonitoringTutorialDataset_2757	False	0	0.99636	0.00364	1.0
MonitoringTutorialDataset_2406	False	1	0.0423	0.9577	1.0
MonitoringTutorialDataset_1809	False	0	0.95583	0.04417	1.0
MonitoringTutorialDataset_3957	True	0	0.99126	0.00874	1.0
MonitoringTutorialDataset_3676	True	1	0.00188	0.99812	1.0
MonitoringTutorialDataset_2268	False	0	0.99407	0.00593	1.0
MonitoringTutorialDataset_3919	True	1	2e-05	0.99998	1.0
MonitoringTutorialDataset_0886	True	1	0.00041	0.99959	1.0
MonitoringTutorialDataset_3150	True	1	0.00188	0.99812	1.0
MonitoringTutorialDataset_3434	False	0	0.91039	0.08961	1.0
MonitoringTutorialDataset_3598	True	1	0.00013	0.99987	1.0
MonitoringTutorialDataset_2994	True	1	0.18005	0.81995	1.0
MonitoringTutorialDataset_2669	True	1	0.03451	0.96549	1.0
MonitoringTutorialDataset_0715	True	0	0.999	0.001	1.0
MonitoringTutorialDataset_4047	False	0	0.96371	0.03629	1.0
MonitoringTutorialDataset_0917	True	1	0.0	1.0	1.0
MonitoringTutorialDataset_2513	True	1	0.0008	0.9992	1.0
MonitoringTutorialDataset_2084	True	0	0.88796	0.11204	1.0
MonitoringTutorialDataset_1435	True	1	0.00087	0.99913	1.0
MonitoringTutorialDataset_0447	False	1	0.01148	0.98852	1.0
MonitoringTutorialDataset_1690	False	0	0.992	0.008	1.0
MonitoringTutorialDataset_0294	True	1	3e-05	0.99997	1.0
MonitoringTutorialDataset_2129	False	0	0.96267	0.03733	1.0
MonitoringTutorialDataset_3391	True	1	0.13921	0.86079	1.0
MonitoringTutorialDataset_2628	True	1	0.00054	0.99946	1.0
MonitoringTutorialDataset_3614	True	1	0.00172	0.99828	1.0
MonitoringTutorialDataset_2599	True	1	0.0	1.0	1.0
MonitoringTutorialDataset_0453	False	0	0.9481	0.0519	1.0
MonitoringTutorialDataset_0913	False	0	0.98644	0.01356	1.0
MonitoringTutorialDataset_2717	False	0	0.84748	0.15252	1.0
MonitoringTutorialDataset_0169	False	1	0.26446	0.73554	1.0
MonitoringTutorialDataset_1355	True	1	2e-05	0.99998	1.0
MonitoringTutorialDataset_3046	True	1	0.0	1.0	1.0
MonitoringTutorialDataset_1640	True	1	0.00347	0.99653	1.0
MonitoringTutorialDataset_1290	False	0	0.99986	0.00014	1.0
MonitoringTutorialDataset_0780	True	1	0.12631	0.87369	1.0
MonitoringTutorialDataset_0159	False	0	0.98895	0.01105	1.0
MonitoringTutorialDataset_0002	False	1	0.00045	0.99955	1.0
MonitoringTutorialDataset_1043	False	1	0.27999	0.72001	1.0
MonitoringTutorialDataset_1544	True	1	1e-05	0.99999	1.0
MonitoringTutorialDataset_2483	True	1	0.01708	0.98292	1.0
MonitoringTutorialDataset_3861	True	1	0.01442	0.98558	1.0
MonitoringTutorialDataset_1389	False	0	0.99612	0.00388	1.0
MonitoringTutorialDataset_1594	True	0	0.90098	0.09902	1.0
MonitoringTutorialDataset_2108	False	0	0.99595	0.00405	1.0
MonitoringTutorialDataset_2886	True	1	0.00031	0.99969	1.0
MonitoringTutorialDataset_0431	True	1	0.00827	0.99173	1.0
MonitoringTutorialDataset_3851	True	1	0.0686	0.9314	1.0
MonitoringTutorialDataset_0145	False	1	0.04489	0.95511	1.0
MonitoringTutorialDataset_2033	False	0	0.99899	0.00101	1.0
MonitoringTutorialDataset_1165	True	0	0.80581	0.19419	1.0
MonitoringTutorialDataset_0696	True	0	0.88843	0.11157	1.0
MonitoringTutorialDataset_3270	False	0	0.99834	0.00166	1.0
MonitoringTutorialDataset_0182	True	1	0.0	1.0	1.0
MonitoringTutorialDataset_3954	False	0	0.99979	0.00021	1.0
MonitoringTutorialDataset_0614	True	1	4e-05	0.99996	1.0
MonitoringTutorialDataset_0934	True	1	0.0	1.0	1.0
MonitoringTutorialDataset_2676	True	1	0.00446	0.99554	1.0
MonitoringTutorialDataset_0334	True	1	4e-05	0.99996	1.0
MonitoringTutorialDataset_1223	False	0	0.58956	0.41044	1.0
MonitoringTutorialDataset_0107	False	1	0.00053	0.99947	1.0
MonitoringTutorialDataset_3475	True	1	0.00567	0.99433	1.0
MonitoringTutorialDataset_3313	True	1	1e-05	0.99999	1.0
MonitoringTutorialDataset_2804	False	0	0.99983	0.00017	1.0
MonitoringTutorialDataset_2771	True	1	0.27653	0.72347	1.0
MonitoringTutorialDataset_0405	True	1	1e-05	0.99999	1.0
MonitoringTutorialDataset_3443	False	0	0.99838	0.00162	1.0
MonitoringTutorialDataset_3908	True	1	0.00211	0.99789	1.0
MonitoringTutorialDataset_3786	True	1	0.0	1.0	1.0
MonitoringTutorialDataset_1708	True	1	0.0	1.0	1.0
MonitoringTutorialDataset_0609	True	0	0.99999	1e-05	1.0
MonitoringTutorialDataset_0730	False	0	0.76805	0.23195	1.0
MonitoringTutorialDataset_3649	True	1	0.00028	0.99972	1.0
MonitoringTutorialDataset_1401	True	1	2e-05	0.99998	1.0
MonitoringTutorialDataset_3321	False	0	0.99272	0.00728	1.0
MonitoringTutorialDataset_0441	False	1	3e-05	0.99997	1.0
MonitoringTutorialDataset_1304	True	1	0.03993	0.96007	1.0
MonitoringTutorialDataset_0520	True	1	0.00158	0.99842	1.0
MonitoringTutorialDataset_0735	True	1	0.14578	0.85422	1.0
MonitoringTutorialDataset_3603	False	1	0.00585	0.99415	1.0
MonitoringTutorialDataset_1303	True	1	0.00054	0.99946	1.0
MonitoringTutorialDataset_2308	True	1	0.00589	0.99411	1.0
MonitoringTutorialDataset_2054	True	1	0.05076	0.94924	1.0
MonitoringTutorialDataset_0822	False	0	0.60448	0.39552	1.0
MonitoringTutorialDataset_0164	False	0	0.99977	0.00023	1.0
MonitoringTutorialDataset_0451	False	0	0.99494	0.00506	1.0
MonitoringTutorialDataset_1311	False	0	0.98427	0.01573	1.0
MonitoringTutorialDataset_2007	True	1	0.00036	0.99964	1.0
MonitoringTutorialDataset_2209	False	0	0.9892	0.0108	1.0
MonitoringTutorialDataset_2161	False	0	0.99998	2e-05	1.0
MonitoringTutorialDataset_3815	False	0	0.97938	0.02062	1.0
MonitoringTutorialDataset_0428	False	0	0.99774	0.00226	1.0
MonitoringTutorialDataset_2079	True	1	0.00017	0.99983	1.0
MonitoringTutorialDataset_3471	True	1	0.00229	0.99771	1.0
MonitoringTutorialDataset_2608	True	1	2e-05	0.99998	1.0
MonitoringTutorialDataset_3331	False	0	0.99786	0.00214	1.0
MonitoringTutorialDataset_2203	False	1	0.00636	0.99364	1.0
MonitoringTutorialDataset_2740	False	0	0.97622	0.02378	1.0
MonitoringTutorialDataset_3951	True	1	0.00041	0.99959	1.0
MonitoringTutorialDataset_2971	True	1	3e-05	0.99998	1.0
MonitoringTutorialDataset_2291	True	1	0.0313	0.9687	1.0
MonitoringTutorialDataset_3502	True	0	0.79934	0.20066	1.0
MonitoringTutorialDataset_2360	False	0	0.95758	0.04242	1.0
MonitoringTutorialDataset_3977	True	1	0.0	1.0	1.0
MonitoringTutorialDataset_0566	False	0	0.94882	0.05118	1.0
MonitoringTutorialDataset_1645	True	1	0.05335	0.94665	1.0
MonitoringTutorialDataset_2868	False	0	0.99981	0.00019	1.0
MonitoringTutorialDataset_1792	True	1	0.0	1.0	1.0
MonitoringTutorialDataset_0126	True	1	0.0	1.0	1.0
MonitoringTutorialDataset_2730	True	1	0.15009	0.84991	1.0
MonitoringTutorialDataset_0984	True	1	0.09095	0.90905	1.0
MonitoringTutorialDataset_3448	True	0	0.99397	0.00603	1.0
MonitoringTutorialDataset_0711	True	1	1e-05	0.99999	1.0
MonitoringTutorialDataset_0010	False	1	0.01274	0.98726	1.0
MonitoringTutorialDataset_2371	True	1	0.03957	0.96043	1.0
MonitoringTutorialDataset_3027	False	0	0.99159	0.00841	1.0
MonitoringTutorialDataset_1900	True	1	0.4142	0.5858	1.0
MonitoringTutorialDataset_2962	False	0	0.99637	0.00363	1.0
MonitoringTutorialDataset_3238	False	0	0.98654	0.01346	1.0
MonitoringTutorialDataset_0516	False	0	0.99998	2e-05	1.0
MonitoringTutorialDataset_3931	True	1	0.49165	0.50835	1.0
MonitoringTutorialDataset_1120	True	1	0.00296	0.99704	1.0
MonitoringTutorialDataset_0477	False	0	0.99921	0.00079	1.0
MonitoringTutorialDataset_4006	False	0	0.97177	0.02823	1.0
MonitoringTutorialDataset_2970	True	1	0.28428	0.71572	1.0
MonitoringTutorialDataset_2712	False	1	0.43641	0.56359	1.0
MonitoringTutorialDataset_3613	True	1	0.0	1.0	1.0
MonitoringTutorialDataset_2469	True	1	0.10835	0.89165	1.0
MonitoringTutorialDataset_1318	True	1	0.00503	0.99497	1.0
MonitoringTutorialDataset_3921	True	1	0.0	1.0	1.0
MonitoringTutorialDataset_0077	False	0	0.63534	0.36466	1.0
MonitoringTutorialDataset_1319	True	1	0.00013	0.99987	1.0
MonitoringTutorialDataset_2560	False	0	0.99364	0.00636	1.0
MonitoringTutorialDataset_2365	False	0	0.9993	0.0007	1.0
MonitoringTutorialDataset_1118	True	1	1e-05	0.99999	1.0
MonitoringTutorialDataset_3847	True	0	0.99516	0.00484	1.0
MonitoringTutorialDataset_1943	False	0	0.99792	0.00208	1.0
MonitoringTutorialDataset_2137	True	1	0.0031	0.9969	1.0
MonitoringTutorialDataset_0112	True	1	0.22071	0.77929	1.0
MonitoringTutorialDataset_3489	True	1	0.00044	0.99956	1.0
MonitoringTutorialDataset_3148	True	1	0.0	1.0	1.0
MonitoringTutorialDataset_2762	True	1	1e-05	0.99999	1.0
MonitoringTutorialDataset_0846	True	1	1e-05	0.99999	1.0
MonitoringTutorialDataset_1464	True	1	0.00114	0.99886	1.0
MonitoringTutorialDataset_0946	False	0	0.77555	0.22445	1.0
MonitoringTutorialDataset_2021	True	1	0.01717	0.98283	1.0
MonitoringTutorialDataset_2551	False	0	0.99306	0.00694	1.0
MonitoringTutorialDataset_1629	True	1	0.0	1.0	1.0
MonitoringTutorialDataset_1246	True	1	0.0	1.0	1.0
MonitoringTutorialDataset_0919	True	1	0.33954	0.66046	1.0
MonitoringTutorialDataset_1160	True	1	5e-05	0.99995	1.0
MonitoringTutorialDataset_2890	True	1	0.001	0.999	1.0
MonitoringTutorialDataset_2671	True	0	0.92635	0.07365	1.0
MonitoringTutorialDataset_2472	True	1	0.02187	0.97813	1.0
MonitoringTutorialDataset_2133	True	1	0.05931	0.94069	1.0
MonitoringTutorialDataset_3361	True	1	1e-05	0.99999	1.0
MonitoringTutorialDataset_1774	False	0	0.90865	0.09135	1.0
MonitoringTutorialDataset_1026	False	1	0.0	1.0	1.0
MonitoringTutorialDataset_1335	False	1	0.19527	0.80473	1.0
MonitoringTutorialDataset_2125	True	1	0.0	1.0	1.0
MonitoringTutorialDataset_2885	True	1	2e-05	0.99998	1.0
MonitoringTutorialDataset_3078	True	1	2e-05	0.99998	1.0
MonitoringTutorialDataset_0760	False	0	0.9377	0.0623	1.0
MonitoringTutorialDataset_0042	True	1	0.00712	0.99288	1.0
MonitoringTutorialDataset_1473	False	1	0.00023	0.99977	1.0
MonitoringTutorialDataset_2100	True	1	0.0	1.0	1.0
MonitoringTutorialDataset_2180	True	1	0.00049	0.99951	1.0
MonitoringTutorialDataset_0446	True	1	0.0122	0.9878	1.0
MonitoringTutorialDataset_3955	False	0	0.99963	0.00037	1.0
MonitoringTutorialDataset_3232	True	1	0.00012	0.99988	1.0
MonitoringTutorialDataset_2966	True	1	0.0025	0.9975	1.0
MonitoringTutorialDataset_0762	True	1	0.14241	0.85759	1.0
MonitoringTutorialDataset_0388	False	0	0.99839	0.00161	1.0
MonitoringTutorialDataset_0235	True	0	0.93567	0.06433	1.0
MonitoringTutorialDataset_0770	True	1	0.0	1.0	1.0
MonitoringTutorialDataset_2165	True	1	0.02417	0.97583	1.0
MonitoringTutorialDataset_0437	False	0	0.99833	0.00167	1.0
MonitoringTutorialDataset_2201	True	1	3e-05	0.99997	1.0
MonitoringTutorialDataset_0448	False	0	0.90112	0.09888	1.0
MonitoringTutorialDataset_2048	True	1	0.31194	0.68806	1.0
MonitoringTutorialDataset_1168	True	1	0.42763	0.57237	1.0
MonitoringTutorialDataset_0082	False	0	0.98726	0.01274	1.0
MonitoringTutorialDataset_2818	False	0	0.94811	0.05189	1.0
MonitoringTutorialDataset_2756	True	0	0.94155	0.05845	1.0
MonitoringTutorialDataset_2000	False	1	0.10706	0.89294	1.0
MonitoringTutorialDataset_0517	True	1	0.08626	0.91374	1.0
MonitoringTutorialDataset_3887	False	1	0.0064	0.9936	1.0
MonitoringTutorialDataset_3654	False	0	0.86016	0.13984	1.0
MonitoringTutorialDataset_0255	True	0	0.93306	0.06694	1.0
MonitoringTutorialDataset_3766	True	1	5e-05	0.99995	1.0
MonitoringTutorialDataset_2508	False	1	0.02098	0.97902	1.0
MonitoringTutorialDataset_3767	True	1	1e-05	0.99999	1.0
MonitoringTutorialDataset_1224	True	1	0.00974	0.99026	1.0
MonitoringTutorialDataset_3006	True	1	0.00015	0.99985	1.0
MonitoringTutorialDataset_3401	True	1	0.00033	0.99967	1.0
MonitoringTutorialDataset_2723	True	1	0.01432	0.98568	1.0
MonitoringTutorialDataset_3019	False	0	0.99867	0.00133	1.0
MonitoringTutorialDataset_3517	True	1	0.0	1.0	1.0
MonitoringTutorialDataset_3558	True	1	1e-05	0.99999	1.0
MonitoringTutorialDataset_1555	True	1	0.00012	0.99988	1.0
MonitoringTutorialDataset_1852	False	0	0.84137	0.15863	1.0
MonitoringTutorialDataset_3567	False	0	0.99988	0.00012	1.0
MonitoringTutorialDataset_2105	True	1	4e-05	0.99996	1.0
MonitoringTutorialDataset_1140	False	0	0.99997	3e-05	1.0
MonitoringTutorialDataset_0933	False	1	0.02041	0.97959	1.0
MonitoringTutorialDataset_0823	True	1	0.02365	0.97635	1.0
MonitoringTutorialDataset_3197	True	1	7e-05	0.99993	1.0
MonitoringTutorialDataset_2923	False	0	0.71817	0.28182	1.0
MonitoringTutorialDataset_3349	False	0	0.98427	0.01573	1.0
MonitoringTutorialDataset_0216	False	0	0.99928	0.00072	1.0
MonitoringTutorialDataset_3470	False	1	0.35597	0.64403	1.0
MonitoringTutorialDataset_2386	False	0	0.99968	0.00032	1.0
MonitoringTutorialDataset_1676	True	1	0.13073	0.86927	1.0
MonitoringTutorialDataset_2960	False	0	0.98529	0.01471	1.0
MonitoringTutorialDataset_3080	False	0	0.97573	0.02427	1.0
MonitoringTutorialDataset_2635	False	0	0.9998	0.0002	1.0
MonitoringTutorialDataset_0750	False	1	0.03217	0.96783	1.0
MonitoringTutorialDataset_0234	True	1	1e-05	0.99999	1.0
MonitoringTutorialDataset_3493	True	1	0.0	1.0	1.0
MonitoringTutorialDataset_0075	True	1	1e-05	0.99999	1.0
MonitoringTutorialDataset_2224	False	1	0.00033	0.99967	1.0
MonitoringTutorialDataset_3386	False	0	0.99683	0.00317	1.0
MonitoringTutorialDataset_1903	False	0	0.87917	0.12083	1.0
MonitoringTutorialDataset_1548	True	1	0.0	1.0	1.0
MonitoringTutorialDataset_2967	False	0	0.99052	0.00948	1.0
MonitoringTutorialDataset_2808	True	0	0.9854	0.0146	1.0
MonitoringTutorialDataset_3068	False	1	0.13502	0.86498	1.0
MonitoringTutorialDataset_0412	True	0	0.99374	0.00626	1.0
MonitoringTutorialDataset_3146	True	1	0.32949	0.67051	1.0
MonitoringTutorialDataset_0616	False	0	0.98042	0.01958	1.0
MonitoringTutorialDataset_1625	False	0	0.99963	0.00037	1.0
MonitoringTutorialDataset_2652	True	1	0.00012	0.99988	1.0
MonitoringTutorialDataset_0089	False	1	0.06918	0.93082	1.0
MonitoringTutorialDataset_2896	True	1	4e-05	0.99996	1.0
MonitoringTutorialDataset_0753	True	1	0.0	1.0	1.0
MonitoringTutorialDataset_3680	False	0	0.99898	0.00102	1.0
MonitoringTutorialDataset_1568	False	0	0.99928	0.00072	1.0
MonitoringTutorialDataset_2207	False	0	0.99812	0.00188	1.0
MonitoringTutorialDataset_0895	False	0	0.97432	0.02568	1.0
MonitoringTutorialDataset_0335	False	1	0.00029	0.99971	1.0
MonitoringTutorialDataset_1348	True	1	0.02096	0.97904	1.0
MonitoringTutorialDataset_1015	False	0	0.99802	0.00198	1.0
MonitoringTutorialDataset_2816	True	1	4e-05	0.99996	1.0
MonitoringTutorialDataset_3491	True	1	0.0	1.0	1.0
MonitoringTutorialDataset_4065	True	1	0.00369	0.99631	1.0
MonitoringTutorialDataset_2569	True	1	1e-05	0.99999	1.0
MonitoringTutorialDataset_1785	True	1	0.00085	0.99915	1.0
MonitoringTutorialDataset_0356	True	1	0.32315	0.67685	1.0
MonitoringTutorialDataset_3877	True	1	0.00037	0.99963	1.0
MonitoringTutorialDataset_2388	True	1	0.00078	0.99922	1.0
MonitoringTutorialDataset_2959	True	1	0.30395	0.69605	1.0
MonitoringTutorialDataset_3059	False	0	0.94998	0.05002	1.0
MonitoringTutorialDataset_1773	False	1	0.00068	0.99932	1.0
MonitoringTutorialDataset_3118	False	0	0.99983	0.00017	1.0
MonitoringTutorialDataset_2744	True	1	0.0	1.0	1.0
MonitoringTutorialDataset_2908	True	1	0.0464	0.9536	1.0
MonitoringTutorialDataset_0703	True	1	7e-05	0.99993	1.0
MonitoringTutorialDataset_0896	True	1	0.0	1.0	1.0
MonitoringTutorialDataset_3308	True	1	1e-05	0.99999	1.0
MonitoringTutorialDataset_0487	False	1	0.44241	0.55759	1.0
MonitoringTutorialDataset_0559	False	0	0.99492	0.00508	1.0
MonitoringTutorialDataset_1664	True	1	0.0512	0.9488	1.0
MonitoringTutorialDataset_1012	True	1	0.04155	0.95845	1.0
MonitoringTutorialDataset_3814	True	1	0.00036	0.99964	1.0
MonitoringTutorialDataset_0116	True	1	0.0	1.0	1.0
MonitoringTutorialDataset_1974	True	1	0.00015	0.99985	1.0
MonitoringTutorialDataset_3904	True	1	0.0	1.0	1.0
MonitoringTutorialDataset_3050	False	1	0.01221	0.98779	1.0
MonitoringTutorialDataset_0837	True	1	0.00049	0.99951	1.0
MonitoringTutorialDataset_1715	True	0	0.52504	0.47496	1.0
MonitoringTutorialDataset_2774	False	0	0.96059	0.03941	1.0
MonitoringTutorialDataset_2875	True	1	0.00879	0.99121	1.0
MonitoringTutorialDataset_0524	False	0	0.99404	0.00596	1.0
MonitoringTutorialDataset_2806	False	0	0.98767	0.01233	1.0
MonitoringTutorialDataset_0154	False	0	0.99956	0.00044	1.0
MonitoringTutorialDataset_3359	True	0	0.89858	0.10142	1.0
MonitoringTutorialDataset_0569	True	1	0.0	1.0	1.0
MonitoringTutorialDataset_2065	True	1	0.00277	0.99723	1.0
MonitoringTutorialDataset_3327	True	1	0.00144	0.99856	1.0
MonitoringTutorialDataset_0190	True	0	0.99816	0.00184	1.0
MonitoringTutorialDataset_0301	True	0	0.89505	0.10495	1.0
MonitoringTutorialDataset_2565	False	0	0.99909	0.00091	1.0
MonitoringTutorialDataset_2205	False	0	0.99595	0.00405	1.0
MonitoringTutorialDataset_1243	True	1	0.00575	0.99425	1.0
MonitoringTutorialDataset_4053	False	1	0.02781	0.97219	1.0
MonitoringTutorialDataset_3673	False	0	0.99965	0.00035	1.0
MonitoringTutorialDataset_0797	False	0	0.99962	0.00038	1.0
MonitoringTutorialDataset_0225	False	1	0.14732	0.85268	1.0
MonitoringTutorialDataset_3436	False	1	0.00071	0.99929	1.0
MonitoringTutorialDataset_2277	True	0	0.60787	0.39213	1.0
MonitoringTutorialDataset_1693	True	0	0.9456	0.0544	1.0
MonitoringTutorialDataset_0954	True	1	0.00356	0.99644	1.0
MonitoringTutorialDataset_3685	True	1	0.27319	0.72681	1.0
MonitoringTutorialDataset_2848	True	0	0.93164	0.06836	1.0
MonitoringTutorialDataset_1603	False	0	0.99941	0.00059	1.0
MonitoringTutorialDataset_0877	True	1	0.00023	0.99977	1.0
MonitoringTutorialDataset_1884	False	0	0.9864	0.0136	1.0
MonitoringTutorialDataset_2200	False	0	0.99968	0.00032	1.0
MonitoringTutorialDataset_2557	True	1	0.39	0.61	1.0
MonitoringTutorialDataset_3298	True	1	0.0	1.0	1.0
MonitoringTutorialDataset_0627	True	1	0.02926	0.97074	1.0
MonitoringTutorialDataset_3062	False	1	7e-05	0.99993	1.0
MonitoringTutorialDataset_2301	True	1	0.18544	0.81456	1.0
MonitoringTutorialDataset_2198	False	0	0.99932	0.00068	1.0
MonitoringTutorialDataset_1802	True	1	0.00037	0.99963	1.0
MonitoringTutorialDataset_2385	False	0	0.90413	0.09587	1.0
MonitoringTutorialDataset_3849	True	1	0.45102	0.54898	1.0
MonitoringTutorialDataset_1843	False	0	0.99197	0.00803	1.0
MonitoringTutorialDataset_3420	False	1	2e-05	0.99998	1.0
MonitoringTutorialDataset_1930	True	0	0.76071	0.23929	1.0
MonitoringTutorialDataset_3029	True	1	0.00122	0.99878	1.0
MonitoringTutorialDataset_2931	True	0	0.91608	0.08392	1.0
MonitoringTutorialDataset_2327	True	0	0.85487	0.14513	1.0
MonitoringTutorialDataset_3255	True	1	0.0	1.0	1.0
MonitoringTutorialDataset_0202	False	1	0.27158	0.72842	1.0
MonitoringTutorialDataset_0835	False	0	0.99694	0.00306	1.0
MonitoringTutorialDataset_3958	True	0	0.69283	0.30717	1.0
MonitoringTutorialDataset_0641	False	1	1e-05	0.99999	1.0
MonitoringTutorialDataset_0001	False	0	0.99081	0.00919	1.0
MonitoringTutorialDataset_2160	True	0	0.9965	0.0035	1.0
MonitoringTutorialDataset_3995	False	0	0.99165	0.00835	1.0
MonitoringTutorialDataset_2489	False	1	0.21318	0.78682	1.0
MonitoringTutorialDataset_3748	True	1	0.01805	0.98195	1.0
MonitoringTutorialDataset_0317	True	1	0.05505	0.94495	1.0
MonitoringTutorialDataset_1479	True	1	0.17194	0.82806	1.0
MonitoringTutorialDataset_1282	False	0	0.92816	0.07184	1.0
MonitoringTutorialDataset_1663	True	1	0.0	1.0	1.0
MonitoringTutorialDataset_4005	True	0	0.7386	0.2614	1.0
MonitoringTutorialDataset_3627	False	0	0.99805	0.00195	1.0
MonitoringTutorialDataset_3060	True	1	0.03513	0.96487	1.0
MonitoringTutorialDataset_1678	True	0	0.51762	0.48238	1.0
MonitoringTutorialDataset_0563	False	0	0.68595	0.31405	1.0
MonitoringTutorialDataset_3762	True	0	0.98264	0.01736	1.0
MonitoringTutorialDataset_2939	True	1	0.0629	0.9371	1.0
MonitoringTutorialDataset_3625	False	1	0.42535	0.57465	1.0
MonitoringTutorialDataset_2842	False	1	0.22246	0.77754	1.0
MonitoringTutorialDataset_0870	False	0	0.99211	0.00789	1.0
MonitoringTutorialDataset_0397	False	0	0.99797	0.00203	1.0
MonitoringTutorialDataset_2660	True	1	7e-05	0.99993	1.0
MonitoringTutorialDataset_1570	True	1	0.0	1.0	1.0
MonitoringTutorialDataset_2146	True	1	5e-05	0.99995	1.0
MonitoringTutorialDataset_1751	True	1	0.05915	0.94085	1.0
MonitoringTutorialDataset_2454	True	0	0.98091	0.01909	1.0
MonitoringTutorialDataset_0200	True	1	9e-05	0.99991	1.0
MonitoringTutorialDataset_3099	True	1	0.0	1.0	1.0
MonitoringTutorialDataset_3561	True	1	4e-05	0.99996	1.0
MonitoringTutorialDataset_2695	True	1	0.0	1.0	1.0
MonitoringTutorialDataset_1152	True	1	0.00135	0.99865	1.0
MonitoringTutorialDataset_2264	True	1	1e-05	0.99999	1.0
MonitoringTutorialDataset_2343	False	0	0.99964	0.00036	1.0
MonitoringTutorialDataset_1016	True	0	0.87108	0.12892	1.0
MonitoringTutorialDataset_3798	True	0	0.67035	0.32965	1.0
MonitoringTutorialDataset_3342	False	1	0.22963	0.77037	1.0
MonitoringTutorialDataset_2317	True	1	3e-05	0.99997	1.0
MonitoringTutorialDataset_0995	True	1	0.02841	0.97159	1.0
MonitoringTutorialDataset_2777	False	0	0.97707	0.02293	1.0
MonitoringTutorialDataset_3152	False	0	0.99578	0.00422	1.0
MonitoringTutorialDataset_3003	False	0	0.99702	0.00298	1.0
MonitoringTutorialDataset_3417	True	1	0.01457	0.98543	1.0
MonitoringTutorialDataset_0241	False	1	0.24146	0.75854	1.0
MonitoringTutorialDataset_2879	True	1	0.00051	0.99949	1.0
MonitoringTutorialDataset_3005	True	1	0.32642	0.67358	1.0
MonitoringTutorialDataset_0189	True	1	0.0	1.0	1.0
MonitoringTutorialDataset_2047	True	1	2e-05	0.99998	1.0
MonitoringTutorialDataset_2558	True	1	0.0	1.0	1.0
MonitoringTutorialDataset_2904	False	0	0.99168	0.00832	1.0
MonitoringTutorialDataset_0021	False	1	0.01853	0.98147	1.0
MonitoringTutorialDataset_1685	True	1	0.00104	0.99896	1.0
MonitoringTutorialDataset_3735	False	0	0.99738	0.00262	1.0
MonitoringTutorialDataset_2919	True	1	0.00012	0.99988	1.0
MonitoringTutorialDataset_1095	False	0	0.98975	0.01025	1.0
MonitoringTutorialDataset_1130	False	0	0.98572	0.01428	1.0
MonitoringTutorialDataset_3507	False	0	0.99982	0.00018	1.0
MonitoringTutorialDataset_3174	True	1	0.0	1.0	1.0
MonitoringTutorialDataset_2459	False	0	0.99969	0.00031	2.0
MonitoringTutorialDataset_2699	True	0	0.89946	0.10054	2.0
MonitoringTutorialDataset_1744	False	1	9e-05	0.99991	2.0
MonitoringTutorialDataset_3382	True	1	0.0002	0.9998	2.0
MonitoringTutorialDataset_0436	True	1	0.0	1.0	2.0
MonitoringTutorialDataset_1650	True	1	0.15355	0.84645	2.0
MonitoringTutorialDataset_2996	True	1	0.04164	0.95836	2.0
MonitoringTutorialDataset_2812	True	1	0.00016	0.99984	2.0
MonitoringTutorialDataset_2297	True	1	0.0	1.0	2.0
MonitoringTutorialDataset_3787	False	1	0.00083	0.99917	2.0
MonitoringTutorialDataset_3472	True	1	3e-05	0.99997	2.0
MonitoringTutorialDataset_0209	False	0	0.99202	0.00798	2.0
MonitoringTutorialDataset_3454	True	1	0.0	1.0	2.0
MonitoringTutorialDataset_1176	True	1	0.00043	0.99957	2.0
MonitoringTutorialDataset_2764	False	0	0.95536	0.04464	2.0
MonitoringTutorialDataset_0578	True	1	0.33425	0.66575	2.0
MonitoringTutorialDataset_0000	True	1	0.0	1.0	2.0
MonitoringTutorialDataset_1582	True	1	0.10347	0.89653	2.0
MonitoringTutorialDataset_1572	False	0	0.97866	0.02134	2.0
MonitoringTutorialDataset_0278	True	1	1e-05	0.99999	2.0
MonitoringTutorialDataset_1752	False	0	0.56014	0.43986	2.0
MonitoringTutorialDataset_1448	True	1	0.00111	0.99889	2.0
MonitoringTutorialDataset_1084	True	1	0.00495	0.99505	2.0
MonitoringTutorialDataset_4000	False	0	0.9938	0.0062	2.0
MonitoringTutorialDataset_1454	True	1	0.14364	0.85636	2.0
MonitoringTutorialDataset_2860	True	1	0.00014	0.99986	2.0
MonitoringTutorialDataset_3346	True	1	1e-04	0.9999	2.0
MonitoringTutorialDataset_1055	True	1	0.28865	0.71135	2.0
MonitoringTutorialDataset_0644	True	1	0.0	1.0	2.0
MonitoringTutorialDataset_0665	True	1	8e-05	0.99992	2.0
MonitoringTutorialDataset_0929	False	0	0.99919	0.00081	2.0
MonitoringTutorialDataset_0246	False	0	0.95869	0.04131	2.0
MonitoringTutorialDataset_3708	False	0	0.99397	0.00603	2.0
MonitoringTutorialDataset_2589	False	0	0.9939	0.0061	2.0
MonitoringTutorialDataset_2270	True	1	7e-05	0.99993	2.0
MonitoringTutorialDataset_2167	True	1	0.00015	0.99985	2.0
MonitoringTutorialDataset_3239	False	1	0.00407	0.99593	2.0
MonitoringTutorialDataset_1499	True	1	0.00529	0.99471	2.0
MonitoringTutorialDataset_3195	True	0	0.99524	0.00476	2.0
MonitoringTutorialDataset_2972	True	1	0.00331	0.99669	2.0
MonitoringTutorialDataset_0386	False	0	0.97279	0.02721	2.0
MonitoringTutorialDataset_2922	True	1	6e-05	0.99994	2.0
MonitoringTutorialDataset_2605	True	0	0.78994	0.21006	2.0
MonitoringTutorialDataset_2078	True	1	0.00143	0.99857	2.0
MonitoringTutorialDataset_3303	True	1	0.00127	0.99873	2.0
MonitoringTutorialDataset_2941	True	1	0.00327	0.99673	2.0
MonitoringTutorialDataset_3223	True	1	0.0	1.0	2.0
MonitoringTutorialDataset_0570	False	0	0.99995	5e-05	2.0
MonitoringTutorialDataset_3102	True	1	0.00018	0.99982	2.0
MonitoringTutorialDataset_1213	True	1	0.00901	0.99099	2.0
MonitoringTutorialDataset_1237	False	0	0.99525	0.00475	2.0
MonitoringTutorialDataset_1117	True	1	6e-05	0.99994	2.0
MonitoringTutorialDataset_3660	True	1	2e-05	0.99998	2.0
MonitoringTutorialDataset_0176	True	1	0.30676	0.69324	2.0
MonitoringTutorialDataset_0572	True	1	0.00016	0.99984	2.0
MonitoringTutorialDataset_2907	True	1	0.01691	0.98309	2.0
MonitoringTutorialDataset_1775	False	0	0.98898	0.01102	2.0
MonitoringTutorialDataset_2144	False	1	0.20086	0.79914	2.0
MonitoringTutorialDataset_3165	True	1	0.20832	0.79168	2.0
MonitoringTutorialDataset_1105	False	0	0.9987	0.0013	2.0
MonitoringTutorialDataset_2562	True	1	0.27167	0.72833	2.0
MonitoringTutorialDataset_1263	True	1	0.00206	0.99794	2.0
MonitoringTutorialDataset_0141	True	1	5e-05	0.99995	2.0
MonitoringTutorialDataset_0491	True	1	1e-05	0.99999	2.0
MonitoringTutorialDataset_0198	False	1	0.20242	0.79758	2.0
MonitoringTutorialDataset_1517	True	1	0.01312	0.98688	2.0
MonitoringTutorialDataset_3640	True	1	0.0	1.0	2.0
MonitoringTutorialDataset_2117	False	0	0.99764	0.00236	2.0
MonitoringTutorialDataset_0547	True	0	0.98699	0.01301	2.0
MonitoringTutorialDataset_0611	True	1	0.01607	0.98393	2.0
MonitoringTutorialDataset_3181	False	0	0.99493	0.00507	2.0
MonitoringTutorialDataset_2535	True	1	0.07937	0.92063	2.0
MonitoringTutorialDataset_2025	True	1	0.00383	0.99617	2.0
MonitoringTutorialDataset_3756	True	1	0.00119	0.99881	2.0
MonitoringTutorialDataset_3678	True	1	1e-05	0.99999	2.0
MonitoringTutorialDataset_3084	True	1	0.48651	0.51349	2.0
MonitoringTutorialDataset_3423	False	0	0.99154	0.00846	2.0
MonitoringTutorialDataset_3217	True	1	3e-05	0.99997	2.0
MonitoringTutorialDataset_2663	False	0	0.73098	0.26902	2.0
MonitoringTutorialDataset_3682	True	1	0.37998	0.62002	2.0
MonitoringTutorialDataset_0867	False	0	0.99881	0.00119	2.0
MonitoringTutorialDataset_3083	False	0	0.99914	0.00086	2.0
MonitoringTutorialDataset_1598	True	1	1e-05	0.99999	2.0
MonitoringTutorialDataset_0059	False	0	0.9999	1e-04	2.0
MonitoringTutorialDataset_1268	False	0	0.99895	0.00105	2.0
MonitoringTutorialDataset_2340	False	0	0.98004	0.01996	2.0
MonitoringTutorialDataset_0187	True	0	0.90794	0.09206	2.0
MonitoringTutorialDataset_3757	True	1	0.0354	0.9646	2.0
MonitoringTutorialDataset_1556	False	0	0.99933	0.00067	2.0
MonitoringTutorialDataset_0226	True	1	0.28346	0.71654	2.0
MonitoringTutorialDataset_0535	False	0	0.62011	0.37989	2.0
MonitoringTutorialDataset_1539	True	1	0.0	1.0	2.0
MonitoringTutorialDataset_0601	True	0	0.98823	0.01177	2.0
MonitoringTutorialDataset_0111	True	1	0.08671	0.91329	2.0
MonitoringTutorialDataset_1320	False	0	0.79778	0.20222	2.0
MonitoringTutorialDataset_0022	False	0	0.93857	0.06143	2.0
MonitoringTutorialDataset_0460	True	1	0.00024	0.99976	2.0
MonitoringTutorialDataset_2477	False	0	0.99701	0.00299	2.0
MonitoringTutorialDataset_1356	True	0	0.80682	0.19318	2.0
MonitoringTutorialDataset_3888	False	0	0.99215	0.00785	2.0
MonitoringTutorialDataset_3542	True	1	0.00136	0.99864	2.0
MonitoringTutorialDataset_3989	False	0	0.9994	0.0006	2.0
MonitoringTutorialDataset_0887	False	0	0.82328	0.17672	2.0
MonitoringTutorialDataset_0413	False	0	0.79229	0.20771	2.0
MonitoringTutorialDataset_2185	True	1	0.35087	0.64913	2.0
MonitoringTutorialDataset_0521	True	1	0.49613	0.50387	2.0
MonitoringTutorialDataset_2639	True	1	0.00031	0.99969	2.0
MonitoringTutorialDataset_2031	True	1	0.0	1.0	2.0
MonitoringTutorialDataset_0168	True	1	8e-05	0.99992	2.0
MonitoringTutorialDataset_0462	True	1	3e-05	0.99997	2.0
MonitoringTutorialDataset_2307	True	1	0.0	1.0	2.0
MonitoringTutorialDataset_3653	True	1	0.2228	0.7772	2.0
MonitoringTutorialDataset_3204	True	1	0.00014	0.99986	2.0
MonitoringTutorialDataset_0435	True	1	0.00071	0.99929	2.0
MonitoringTutorialDataset_1251	True	1	0.22909	0.77091	2.0
MonitoringTutorialDataset_0276	True	1	6e-05	0.99994	2.0
MonitoringTutorialDataset_0407	True	1	0.47627	0.52373	2.0
MonitoringTutorialDataset_2247	False	1	0.39705	0.60295	2.0
MonitoringTutorialDataset_1407	True	1	0.10231	0.89769	2.0
MonitoringTutorialDataset_1987	True	1	0.02713	0.97287	2.0
MonitoringTutorialDataset_0086	True	1	0.0	1.0	2.0
MonitoringTutorialDataset_2238	False	1	0.17027	0.82973	2.0
MonitoringTutorialDataset_2505	False	0	0.99997	3e-05	2.0
MonitoringTutorialDataset_1839	True	1	0.00043	0.99957	2.0
MonitoringTutorialDataset_4024	True	1	2e-05	0.99998	2.0
MonitoringTutorialDataset_4043	True	1	0.00526	0.99474	2.0
MonitoringTutorialDataset_2578	False	0	0.99981	0.00019	2.0
MonitoringTutorialDataset_1586	True	1	0.02385	0.97615	2.0
MonitoringTutorialDataset_2827	True	1	0.00538	0.99462	2.0
MonitoringTutorialDataset_3982	False	0	0.99506	0.00494	2.0
MonitoringTutorialDataset_0421	True	1	0.12912	0.87088	2.0
MonitoringTutorialDataset_3702	False	1	0.01931	0.98069	2.0
MonitoringTutorialDataset_1103	True	1	0.00292	0.99708	2.0
MonitoringTutorialDataset_3866	False	1	0.01883	0.98117	2.0
MonitoringTutorialDataset_1835	False	0	0.9991	0.0009	2.0
MonitoringTutorialDataset_3337	True	1	0.01553	0.98447	2.0
MonitoringTutorialDataset_0456	True	1	0.00168	0.99832	2.0
MonitoringTutorialDataset_2366	True	0	0.87615	0.12385	2.0
MonitoringTutorialDataset_2495	False	0	0.99533	0.00467	2.0
MonitoringTutorialDataset_3187	False	1	0.04789	0.95211	2.0
MonitoringTutorialDataset_0091	True	1	0.01806	0.98194	2.0
MonitoringTutorialDataset_3962	False	0	0.87201	0.12799	2.0
MonitoringTutorialDataset_1833	True	1	0.24276	0.75724	2.0
MonitoringTutorialDataset_3111	True	1	0.03922	0.96078	2.0
MonitoringTutorialDataset_2881	True	1	0.0	1.0	2.0
MonitoringTutorialDataset_1952	False	0	0.98879	0.01121	2.0
MonitoringTutorialDataset_0237	False	1	0.01116	0.98884	2.0
MonitoringTutorialDataset_2936	True	1	0.00028	0.99972	2.0
MonitoringTutorialDataset_2913	False	1	0.00045	0.99955	2.0
MonitoringTutorialDataset_1602	True	1	0.00052	0.99948	2.0
MonitoringTutorialDataset_2586	True	1	1e-05	0.99999	2.0
MonitoringTutorialDataset_0041	False	1	0.01627	0.98373	2.0
MonitoringTutorialDataset_1339	True	1	0.00088	0.99912	2.0
MonitoringTutorialDataset_3358	True	1	0.11771	0.88229	2.0
MonitoringTutorialDataset_3713	False	1	0.01405	0.98595	2.0
MonitoringTutorialDataset_1728	False	0	0.99983	0.00017	2.0
MonitoringTutorialDataset_3496	False	0	0.58552	0.41448	2.0
MonitoringTutorialDataset_2954	False	1	5e-05	0.99995	2.0
MonitoringTutorialDataset_2770	True	1	0.0	1.0	2.0
MonitoringTutorialDataset_3034	False	0	0.5263	0.4737	2.0
MonitoringTutorialDataset_2641	False	1	0.00053	0.99947	2.0
MonitoringTutorialDataset_0617	True	1	2e-05	0.99998	2.0
MonitoringTutorialDataset_3988	True	1	1e-05	0.99999	2.0
MonitoringTutorialDataset_1494	False	1	0.41062	0.58938	2.0
MonitoringTutorialDataset_2720	True	1	0.05553	0.94447	2.0
MonitoringTutorialDataset_2216	False	1	0.00943	0.99057	2.0
MonitoringTutorialDataset_2554	False	0	0.92511	0.07489	2.0
MonitoringTutorialDataset_2657	False	0	0.9976	0.0024	2.0
MonitoringTutorialDataset_2227	False	0	0.99368	0.00632	2.0
MonitoringTutorialDataset_1005	True	1	0.46147	0.53853	2.0
MonitoringTutorialDataset_0620	True	1	5e-05	0.99995	2.0
MonitoringTutorialDataset_0287	True	1	0.15161	0.84839	2.0
MonitoringTutorialDataset_2132	True	1	0.39613	0.60387	2.0
MonitoringTutorialDataset_1765	True	1	0.00223	0.99777	2.0
MonitoringTutorialDataset_1554	False	0	0.99832	0.00168	2.0
MonitoringTutorialDataset_3101	False	0	0.99867	0.00133	2.0
MonitoringTutorialDataset_1577	True	0	0.82169	0.17831	2.0
MonitoringTutorialDataset_3426	True	1	0.00063	0.99937	2.0
MonitoringTutorialDataset_2370	True	1	5e-05	0.99995	2.0
MonitoringTutorialDataset_0440	True	1	0.0067	0.9933	2.0
MonitoringTutorialDataset_0589	True	1	0.0	1.0	2.0
MonitoringTutorialDataset_0649	True	1	0.00017	0.99983	2.0
MonitoringTutorialDataset_3714	True	1	0.0	1.0	2.0
MonitoringTutorialDataset_1455	False	0	0.78379	0.21621	2.0
MonitoringTutorialDataset_0660	True	1	0.04323	0.95677	2.0
MonitoringTutorialDataset_1584	False	0	0.98199	0.01801	2.0
MonitoringTutorialDataset_2016	False	0	0.99983	0.00017	2.0
MonitoringTutorialDataset_2429	False	0	0.9621	0.0379	2.0
MonitoringTutorialDataset_0049	True	1	0.0002	0.9998	2.0
MonitoringTutorialDataset_2968	False	1	0.05296	0.94704	2.0
MonitoringTutorialDataset_3398	True	1	0.00118	0.99882	2.0
MonitoringTutorialDataset_2171	True	1	0.00713	0.99287	2.0
MonitoringTutorialDataset_3883	True	0	0.6065	0.3935	2.0
MonitoringTutorialDataset_2564	True	1	0.05163	0.94837	2.0
MonitoringTutorialDataset_1399	False	0	0.99976	0.00024	2.0
MonitoringTutorialDataset_0297	False	1	0.02901	0.97099	2.0
MonitoringTutorialDataset_2121	True	0	0.9898	0.0102	2.0
MonitoringTutorialDataset_1264	False	0	0.99996	4e-05	2.0
MonitoringTutorialDataset_0958	True	1	0.0013	0.9987	2.0
MonitoringTutorialDataset_0908	True	0	0.93687	0.06313	2.0
MonitoringTutorialDataset_1286	False	0	0.99349	0.00651	2.0
MonitoringTutorialDataset_4068	True	1	0.00128	0.99872	2.0
MonitoringTutorialDataset_2172	False	1	0.0319	0.9681	2.0
MonitoringTutorialDataset_1894	False	1	0.40439	0.59561	2.0
MonitoringTutorialDataset_4034	False	0	0.98726	0.01274	2.0
MonitoringTutorialDataset_3431	False	0	0.63746	0.36254	2.0
MonitoringTutorialDataset_1837	True	1	0.00866	0.99134	2.0
MonitoringTutorialDataset_1323	True	1	0.00501	0.99499	2.0
MonitoringTutorialDataset_3319	False	0	0.99988	0.00012	2.0
MonitoringTutorialDataset_0664	True	1	0.0	1.0	2.0
MonitoringTutorialDataset_1244	True	1	0.0	1.0	2.0
MonitoringTutorialDataset_0841	True	0	0.89148	0.10852	2.0
MonitoringTutorialDataset_0604	True	1	2e-05	0.99998	2.0
MonitoringTutorialDataset_0916	False	0	0.99776	0.00224	2.0
MonitoringTutorialDataset_2493	True	1	0.00265	0.99735	2.0
MonitoringTutorialDataset_2529	False	0	0.99957	0.00043	2.0
MonitoringTutorialDataset_3899	True	1	0.00147	0.99853	2.0
MonitoringTutorialDataset_0493	True	1	3e-05	0.99997	2.0
MonitoringTutorialDataset_0687	True	1	0.0	1.0	2.0
MonitoringTutorialDataset_0360	True	1	0.00024	0.99976	2.0
MonitoringTutorialDataset_1170	True	0	0.58287	0.41713	2.0
MonitoringTutorialDataset_0986	True	1	0.1831	0.8169	2.0
MonitoringTutorialDataset_1381	True	1	0.00214	0.99786	2.0
MonitoringTutorialDataset_1375	False	1	0.00448	0.99552	2.0
MonitoringTutorialDataset_0668	True	1	0.00049	0.99951	2.0
MonitoringTutorialDataset_3210	False	0	0.99704	0.00296	2.0
MonitoringTutorialDataset_1359	True	1	5e-05	0.99995	2.0
MonitoringTutorialDataset_0307	False	1	0.00196	0.99804	2.0
MonitoringTutorialDataset_1317	True	1	1e-05	0.99999	2.0
MonitoringTutorialDataset_3399	False	1	0.04428	0.95572	2.0
MonitoringTutorialDataset_0426	True	1	0.14417	0.85583	2.0
MonitoringTutorialDataset_2924	True	1	6e-05	0.99994	2.0
MonitoringTutorialDataset_3097	True	1	0.0	1.0	2.0
MonitoringTutorialDataset_3283	True	1	0.00186	0.99814	2.0
MonitoringTutorialDataset_2183	True	1	0.02888	0.97112	2.0
MonitoringTutorialDataset_2178	True	1	0.31121	0.68879	2.0
MonitoringTutorialDataset_1742	False	0	0.99961	0.00039	2.0
MonitoringTutorialDataset_1628	True	1	0.0406	0.9594	2.0
MonitoringTutorialDataset_0269	True	1	1e-05	0.99999	2.0
MonitoringTutorialDataset_0300	False	1	0.33752	0.66248	2.0
MonitoringTutorialDataset_2561	True	1	0.00011	0.99989	2.0
MonitoringTutorialDataset_2008	True	1	1e-04	0.9999	2.0
MonitoringTutorialDataset_2843	True	1	0.22804	0.77196	2.0
MonitoringTutorialDataset_1525	False	0	0.98929	0.01071	2.0
MonitoringTutorialDataset_2181	True	1	0.0061	0.9939	2.0
MonitoringTutorialDataset_2802	True	0	0.79854	0.20146	2.0
MonitoringTutorialDataset_3999	True	1	0.0	1.0	2.0
MonitoringTutorialDataset_3691	True	1	0.00654	0.99346	2.0
MonitoringTutorialDataset_1797	False	0	0.99084	0.00916	2.0
MonitoringTutorialDataset_1441	False	0	0.98207	0.01793	2.0
MonitoringTutorialDataset_4052	True	1	0.0	1.0	2.0
MonitoringTutorialDataset_3705	False	1	0.00029	0.99971	2.0
MonitoringTutorialDataset_2369	True	1	0.01344	0.98656	2.0
MonitoringTutorialDataset_1737	False	0	0.93251	0.06749	2.0
MonitoringTutorialDataset_3938	False	1	0.00188	0.99812	2.0
MonitoringTutorialDataset_2655	False	0	0.9987	0.0013	2.0
MonitoringTutorialDataset_0808	False	0	0.99964	0.00036	2.0
MonitoringTutorialDataset_0514	False	0	0.98829	0.01171	2.0
MonitoringTutorialDataset_0409	True	1	8e-05	0.99992	2.0
MonitoringTutorialDataset_2509	True	1	0.00067	0.99933	2.0
MonitoringTutorialDataset_1883	True	1	0.00852	0.99148	2.0
MonitoringTutorialDataset_0552	True	0	0.74107	0.25893	2.0
MonitoringTutorialDataset_0316	True	1	0.0	1.0	2.0
MonitoringTutorialDataset_0105	True	1	0.00234	0.99766	2.0
MonitoringTutorialDataset_2736	True	1	4e-05	0.99996	2.0
MonitoringTutorialDataset_1576	True	1	0.00971	0.99029	2.0
MonitoringTutorialDataset_2633	False	0	0.99664	0.00336	2.0
MonitoringTutorialDataset_3357	True	1	0.16073	0.83927	2.0
MonitoringTutorialDataset_3683	False	1	0.38579	0.61421	2.0
MonitoringTutorialDataset_0071	True	1	0.00018	0.99982	2.0
MonitoringTutorialDataset_1763	False	0	0.6432	0.3568	2.0
MonitoringTutorialDataset_1259	False	1	0.00456	0.99544	2.0
MonitoringTutorialDataset_1963	False	1	0.01298	0.98702	2.0
MonitoringTutorialDataset_2803	True	0	0.61035	0.38965	2.0
MonitoringTutorialDataset_0519	True	1	0.00012	0.99988	2.0
MonitoringTutorialDataset_3285	False	1	0.08683	0.91317	2.0
MonitoringTutorialDataset_1083	True	1	1e-05	0.99999	2.0
MonitoringTutorialDataset_4023	True	1	0.00207	0.99793	2.0
MonitoringTutorialDataset_1098	True	1	0.12836	0.87164	2.0
MonitoringTutorialDataset_0737	False	0	0.51235	0.48765	2.0
MonitoringTutorialDataset_1453	True	1	0.00164	0.99836	2.0
MonitoringTutorialDataset_2647	True	1	0.0	1.0	2.0
MonitoringTutorialDataset_2126	True	1	0.0	1.0	2.0
MonitoringTutorialDataset_0906	True	1	0.0002	0.9998	2.0
MonitoringTutorialDataset_3752	False	0	0.99996	4e-05	2.0
MonitoringTutorialDataset_2257	True	0	0.99033	0.00967	2.0
MonitoringTutorialDataset_0885	False	1	0.00515	0.99485	2.0
MonitoringTutorialDataset_3527	False	1	0.361	0.639	2.0
MonitoringTutorialDataset_0988	True	0	0.99502	0.00498	2.0
MonitoringTutorialDataset_1007	False	0	0.80977	0.19023	2.0
MonitoringTutorialDataset_1054	True	1	0.01647	0.98353	2.0
MonitoringTutorialDataset_2753	True	1	0.00017	0.99983	2.0
MonitoringTutorialDataset_1193	False	0	0.99372	0.00628	2.0
MonitoringTutorialDataset_3193	False	0	0.99915	0.00085	2.0
MonitoringTutorialDataset_2725	False	0	0.92865	0.07135	2.0
MonitoringTutorialDataset_0983	True	1	0.03043	0.96957	2.0
MonitoringTutorialDataset_1418	True	0	0.98761	0.01239	2.0
MonitoringTutorialDataset_1560	True	1	0.0	1.0	2.0
MonitoringTutorialDataset_2594	True	1	0.05794	0.94206	2.0
MonitoringTutorialDataset_1380	True	1	0.0002	0.9998	2.0
MonitoringTutorialDataset_2867	False	0	0.99845	0.00155	2.0
MonitoringTutorialDataset_0892	True	1	0.00023	0.99977	2.0
MonitoringTutorialDataset_1596	True	1	0.00319	0.99681	2.0
MonitoringTutorialDataset_0053	False	0	0.75959	0.24041	2.0
MonitoringTutorialDataset_0824	False	1	0.01975	0.98025	2.0
MonitoringTutorialDataset_0771	False	0	0.99297	0.00703	2.0
MonitoringTutorialDataset_1325	True	1	0.00374	0.99626	2.0
MonitoringTutorialDataset_0806	False	1	0.06337	0.93663	2.0
MonitoringTutorialDataset_2526	False	1	0.00083	0.99917	2.0
MonitoringTutorialDataset_0398	False	0	0.92579	0.07421	2.0
MonitoringTutorialDataset_3822	False	0	0.97887	0.02113	2.0
MonitoringTutorialDataset_0704	True	1	2e-05	0.99998	2.0
MonitoringTutorialDataset_0292	True	1	0.01497	0.98503	2.0
MonitoringTutorialDataset_2778	False	0	0.96904	0.03096	2.0
MonitoringTutorialDataset_2465	True	1	0.16429	0.83571	2.0
MonitoringTutorialDataset_0265	False	0	0.99852	0.00148	2.0
MonitoringTutorialDataset_0244	True	1	0.00291	0.99709	2.0
MonitoringTutorialDataset_0250	True	1	0.05735	0.94265	2.0
MonitoringTutorialDataset_0738	True	1	1e-05	0.99999	2.0
MonitoringTutorialDataset_1131	True	1	0.0	1.0	2.0
MonitoringTutorialDataset_1182	True	1	0.0	1.0	2.0
MonitoringTutorialDataset_1466	False	0	0.99992	8e-05	2.0
MonitoringTutorialDataset_0826	True	1	0.0	1.0	2.0
MonitoringTutorialDataset_0390	True	1	0.00146	0.99854	2.0
MonitoringTutorialDataset_1039	True	1	0.00022	0.99978	2.0
MonitoringTutorialDataset_3961	False	1	0.01165	0.98835	2.0
MonitoringTutorialDataset_1750	True	1	0.0	1.0	2.0
MonitoringTutorialDataset_0338	True	1	0.0	1.0	2.0
MonitoringTutorialDataset_2711	True	1	0.01821	0.98179	2.0
MonitoringTutorialDataset_3047	False	0	0.99891	0.00109	2.0
MonitoringTutorialDataset_3163	False	1	0.08646	0.91354	2.0
MonitoringTutorialDataset_3495	True	1	1e-05	0.99999	2.0
MonitoringTutorialDataset_1040	True	1	0.01974	0.98026	2.0
MonitoringTutorialDataset_3216	True	1	0.00654	0.99346	2.0
MonitoringTutorialDataset_1524	False	0	0.89664	0.10336	2.0
MonitoringTutorialDataset_2899	True	1	0.00036	0.99964	2.0
MonitoringTutorialDataset_3000	True	1	1e-04	0.9999	2.0
MonitoringTutorialDataset_0097	True	1	0.01126	0.98874	2.0
MonitoringTutorialDataset_2058	True	1	0.01184	0.98816	2.0
MonitoringTutorialDataset_0148	True	1	3e-05	0.99997	2.0
MonitoringTutorialDataset_0028	True	1	0.0852	0.9148	2.0
MonitoringTutorialDataset_1845	True	1	7e-05	0.99993	2.0
MonitoringTutorialDataset_0701	False	1	0.04771	0.95229	2.0
MonitoringTutorialDataset_0454	False	0	0.82074	0.17926	2.0
MonitoringTutorialDataset_3201	False	0	0.99091	0.00909	2.0
MonitoringTutorialDataset_1379	False	1	0.00237	0.99763	2.0
MonitoringTutorialDataset_2175	False	0	0.9988	0.0012	2.0
MonitoringTutorialDataset_2920	True	1	0.00557	0.99443	2.0
MonitoringTutorialDataset_2051	True	1	0.08579	0.91421	2.0
MonitoringTutorialDataset_0236	True	1	0.00027	0.99973	2.0
MonitoringTutorialDataset_2573	False	0	0.82134	0.17866	2.0
MonitoringTutorialDataset_1387	True	1	6e-05	0.99994	2.0
MonitoringTutorialDataset_3012	True	1	0.3535	0.6465	2.0
MonitoringTutorialDataset_3450	True	1	0.02157	0.97843	2.0
MonitoringTutorialDataset_0706	True	1	0.0	1.0	2.0
MonitoringTutorialDataset_3637	True	1	0.00494	0.99506	2.0
MonitoringTutorialDataset_1939	False	1	0.00027	0.99973	2.0
MonitoringTutorialDataset_1308	False	0	0.62148	0.37852	2.0
MonitoringTutorialDataset_3375	True	1	0.00718	0.99282	2.0
MonitoringTutorialDataset_0909	True	1	0.05654	0.94346	2.0
MonitoringTutorialDataset_0181	True	1	0.05719	0.94281	2.0
MonitoringTutorialDataset_1287	False	0	0.99992	8e-05	2.0
MonitoringTutorialDataset_2490	False	1	0.0	1.0	2.0
MonitoringTutorialDataset_3607	False	0	0.99323	0.00677	2.0
MonitoringTutorialDataset_1858	False	1	0.16558	0.83442	2.0
MonitoringTutorialDataset_0312	True	1	7e-05	0.99993	2.0
MonitoringTutorialDataset_0777	True	0	0.80643	0.19357	2.0
MonitoringTutorialDataset_2332	False	1	0.0782	0.9218	2.0
MonitoringTutorialDataset_2262	True	1	0.10309	0.89691	2.0
MonitoringTutorialDataset_0989	False	0	0.99975	0.00025	2.0
MonitoringTutorialDataset_1724	True	1	0.36115	0.63885	2.0
MonitoringTutorialDataset_0341	True	0	0.9843	0.0157	2.0
MonitoringTutorialDataset_3160	False	1	0.00019	0.99981	2.0
MonitoringTutorialDataset_3164	True	1	0.00021	0.99979	2.0
MonitoringTutorialDataset_3832	True	0	0.51898	0.48102	2.0
MonitoringTutorialDataset_0024	True	0	0.95702	0.04298	2.0
MonitoringTutorialDataset_3440	False	0	0.99726	0.00274	2.0
MonitoringTutorialDataset_4042	True	1	0.0016	0.9984	2.0
MonitoringTutorialDataset_2865	True	1	0.00656	0.99344	2.0
MonitoringTutorialDataset_0936	False	1	0.10187	0.89813	2.0
MonitoringTutorialDataset_1854	True	1	0.00062	0.99938	2.0
MonitoringTutorialDataset_2467	True	1	0.34197	0.65803	2.0
MonitoringTutorialDataset_3135	False	0	0.99085	0.00915	2.0
MonitoringTutorialDataset_0827	False	0	0.95267	0.04733	2.0
MonitoringTutorialDataset_2188	True	1	0.00267	0.99733	2.0
MonitoringTutorialDataset_2990	True	1	0.01422	0.98578	2.0
MonitoringTutorialDataset_2116	False	0	0.73012	0.26988	2.0
MonitoringTutorialDataset_0793	True	1	0.00029	0.99971	2.0
MonitoringTutorialDataset_2263	False	0	0.99931	0.00069	2.0
MonitoringTutorialDataset_1658	False	1	0.01213	0.98787	2.0
MonitoringTutorialDataset_1857	True	1	0.26332	0.73668	2.0
MonitoringTutorialDataset_2438	False	0	0.99792	0.00208	2.0
MonitoringTutorialDataset_1669	False	0	0.96516	0.03484	2.0
MonitoringTutorialDataset_1248	True	1	0.0	1.0	2.0
MonitoringTutorialDataset_1046	True	1	0.01121	0.98879	2.0
MonitoringTutorialDataset_1888	False	0	0.99954	0.00046	2.0
MonitoringTutorialDataset_0615	True	1	0.00164	0.99836	2.0
MonitoringTutorialDataset_3981	True	1	0.00289	0.99711	2.0
MonitoringTutorialDataset_2136	True	1	1e-05	0.99999	2.0
MonitoringTutorialDataset_2052	False	0	0.99982	0.00018	2.0
MonitoringTutorialDataset_0724	True	1	0.0	1.0	2.0
MonitoringTutorialDataset_3363	False	1	0.1043	0.8957	2.0
MonitoringTutorialDataset_1372	True	1	1e-05	0.99999	2.0
MonitoringTutorialDataset_1855	True	1	0.13195	0.86805	2.0
MonitoringTutorialDataset_2376	True	1	0.00085	0.99915	2.0
MonitoringTutorialDataset_0320	False	0	0.9991	0.0009	2.0
MonitoringTutorialDataset_2219	True	0	0.8484	0.1516	2.0
MonitoringTutorialDataset_1673	True	1	0.00245	0.99755	2.0
MonitoringTutorialDataset_1942	False	0	0.99992	8e-05	2.0
MonitoringTutorialDataset_2026	True	1	0.02536	0.97464	2.0
MonitoringTutorialDataset_0138	True	1	0.02559	0.97441	2.0
MonitoringTutorialDataset_0319	True	1	0.0	1.0	2.0
MonitoringTutorialDataset_1433	True	1	0.00019	0.99981	2.0
MonitoringTutorialDataset_3670	True	1	8e-05	0.99992	2.0
MonitoringTutorialDataset_0193	True	1	0.00219	0.99781	2.0
MonitoringTutorialDataset_2590	True	1	0.11652	0.88348	2.0
MonitoringTutorialDataset_0242	False	1	0.00339	0.99661	2.0
MonitoringTutorialDataset_2563	True	1	0.00637	0.99363	2.0
MonitoringTutorialDataset_1989	False	0	0.75586	0.24414	2.0
MonitoringTutorialDataset_3176	False	1	0.00512	0.99488	2.0
MonitoringTutorialDataset_2362	False	1	6e-05	0.99994	2.0
MonitoringTutorialDataset_1975	True	1	0.0289	0.9711	2.0
MonitoringTutorialDataset_0232	True	0	0.66717	0.33283	2.0
MonitoringTutorialDataset_2192	True	1	0.00038	0.99962	2.0
MonitoringTutorialDataset_3279	False	1	0.01508	0.98492	2.0
MonitoringTutorialDataset_2075	True	1	0.00034	0.99966	2.0
MonitoringTutorialDataset_0484	True	1	0.04094	0.95906	2.0
MonitoringTutorialDataset_3377	True	1	1e-05	0.99999	2.0
MonitoringTutorialDataset_2410	False	1	0.21405	0.78595	2.0
MonitoringTutorialDataset_0918	False	0	0.99993	7e-05	2.0
MonitoringTutorialDataset_1030	True	1	0.02019	0.97981	2.0
MonitoringTutorialDataset_3004	True	1	0.00077	0.99922	2.0
MonitoringTutorialDataset_0027	True	1	0.0	1.0	2.0
MonitoringTutorialDataset_0624	True	1	9e-05	0.99991	2.0
MonitoringTutorialDataset_0047	False	0	0.99918	0.00082	2.0
MonitoringTutorialDataset_1079	True	1	0.01114	0.98886	2.0
MonitoringTutorialDataset_2261	True	0	0.68325	0.31675	2.0
MonitoringTutorialDataset_3227	False	0	0.91853	0.08147	2.0
MonitoringTutorialDataset_1836	False	1	0.02314	0.97686	2.0
MonitoringTutorialDataset_1101	False	0	0.95201	0.04799	2.0
MonitoringTutorialDataset_2692	True	1	0.0	1.0	2.0
MonitoringTutorialDataset_0603	False	0	0.99805	0.00195	2.0
MonitoringTutorialDataset_0671	False	0	0.99379	0.00621	2.0
MonitoringTutorialDataset_0092	False	0	0.65399	0.34601	2.0
MonitoringTutorialDataset_0899	False	0	0.9953	0.0047	2.0
MonitoringTutorialDataset_1935	True	0	0.98062	0.01938	2.0
MonitoringTutorialDataset_2895	False	0	0.80837	0.19163	2.0
MonitoringTutorialDataset_2173	False	0	0.99951	0.00049	2.0
MonitoringTutorialDataset_0068	True	1	0.00762	0.99238	2.0
MonitoringTutorialDataset_3218	True	1	0.00018	0.99982	2.0
MonitoringTutorialDataset_2231	False	0	0.51639	0.48361	2.0
MonitoringTutorialDataset_0796	False	0	0.99677	0.00323	2.0
MonitoringTutorialDataset_0541	True	1	0.00031	0.99969	2.0
MonitoringTutorialDataset_2017	True	1	0.00413	0.99587	2.0
MonitoringTutorialDataset_2785	True	1	0.00059	0.99941	2.0
MonitoringTutorialDataset_2900	True	1	0.0	1.0	2.0
MonitoringTutorialDataset_3897	False	0	0.89617	0.10383	2.0
MonitoringTutorialDataset_2448	True	1	0.07505	0.92495	2.0
MonitoringTutorialDataset_3538	False	0	0.87121	0.12879	2.0
MonitoringTutorialDataset_1574	True	1	0.0	1.0	2.0
MonitoringTutorialDataset_2081	True	0	0.75048	0.24952	2.0
MonitoringTutorialDataset_3487	True	1	0.29225	0.70775	2.0
MonitoringTutorialDataset_3721	True	0	0.82242	0.17758	2.0
MonitoringTutorialDataset_1469	False	0	0.9986	0.0014	2.0
MonitoringTutorialDataset_3550	True	1	5e-05	0.99995	2.0
MonitoringTutorialDataset_4060	True	1	0.07415	0.92585	2.0
MonitoringTutorialDataset_0404	True	1	0.00053	0.99947	2.0
MonitoringTutorialDataset_1633	False	1	0.38537	0.61463	2.0
MonitoringTutorialDataset_2874	False	0	0.98945	0.01055	2.0
MonitoringTutorialDataset_1262	True	1	0.00038	0.99962	2.0
MonitoringTutorialDataset_3885	True	1	1e-05	0.99999	2.0
MonitoringTutorialDataset_1838	True	0	0.99967	0.00033	2.0
MonitoringTutorialDataset_2956	False	0	0.99888	0.00112	2.0
MonitoringTutorialDataset_2036	False	0	0.99997	3e-05	2.0
MonitoringTutorialDataset_1946	False	0	0.99792	0.00208	2.0
MonitoringTutorialDataset_0739	False	0	0.93362	0.06638	2.0
MonitoringTutorialDataset_0040	True	1	0.00355	0.99645	2.0
MonitoringTutorialDataset_0967	True	1	0.05152	0.94848	2.0
MonitoringTutorialDataset_1353	False	0	0.96924	0.03076	2.0
MonitoringTutorialDataset_1035	False	0	0.81796	0.18204	2.0
MonitoringTutorialDataset_3018	True	1	8e-05	0.99992	2.0
MonitoringTutorialDataset_0470	False	0	0.99944	0.00056	2.0
MonitoringTutorialDataset_1396	False	0	0.64256	0.35744	2.0
MonitoringTutorialDataset_1549	True	0	0.85159	0.14841	2.0
MonitoringTutorialDataset_1256	False	0	0.99923	0.00077	2.0
MonitoringTutorialDataset_3511	True	0	0.58935	0.41065	2.0
MonitoringTutorialDataset_1250	True	1	0.00153	0.99847	2.0
MonitoringTutorialDataset_1252	True	1	0.08512	0.91488	2.0
MonitoringTutorialDataset_3779	True	1	0.00048	0.99952	2.0
MonitoringTutorialDataset_2933	False	0	0.99441	0.00559	2.0
MonitoringTutorialDataset_0079	True	1	0.43145	0.56855	2.0
MonitoringTutorialDataset_0814	True	0	0.99606	0.00394	2.0
MonitoringTutorialDataset_2719	True	1	0.42623	0.57377	2.0
MonitoringTutorialDataset_0928	False	1	0.00146	0.99854	2.0
MonitoringTutorialDataset_3072	True	1	2e-05	0.99998	2.0
MonitoringTutorialDataset_0894	True	1	0.00012	0.99988	2.0
MonitoringTutorialDataset_0090	True	1	0.05565	0.94435	2.0
MonitoringTutorialDataset_4017	True	1	6e-05	0.99994	2.0
MonitoringTutorialDataset_3141	True	1	8e-05	0.99992	2.0
MonitoringTutorialDataset_1827	False	0	0.86534	0.13466	2.0
MonitoringTutorialDataset_0510	False	0	0.99992	8e-05	2.0
MonitoringTutorialDataset_1856	True	1	0.00021	0.99979	2.0
MonitoringTutorialDataset_2076	True	1	0.0	1.0	2.0
MonitoringTutorialDataset_2681	False	0	0.9657	0.0343	2.0
MonitoringTutorialDataset_3894	True	1	6e-05	0.99994	2.0
MonitoringTutorialDataset_1197	True	1	5e-05	0.99995	2.0
MonitoringTutorialDataset_4070	False	0	0.99683	0.00317	2.0
MonitoringTutorialDataset_2982	True	1	0.01406	0.98594	2.0
MonitoringTutorialDataset_2156	True	1	0.00092	0.99908	2.0
MonitoringTutorialDataset_2938	True	1	0.0	1.0	2.0
MonitoringTutorialDataset_2995	False	0	0.98773	0.01227	2.0
MonitoringTutorialDataset_3096	True	1	0.0006	0.9994	2.0
MonitoringTutorialDataset_0717	True	0	0.914	0.086	2.0
MonitoringTutorialDataset_3711	True	1	1e-05	0.99999	2.0
MonitoringTutorialDataset_0595	True	1	2e-05	0.99998	2.0
MonitoringTutorialDataset_2109	True	1	0.00011	0.99989	2.0
MonitoringTutorialDataset_0036	False	0	0.96514	0.03486	2.0
MonitoringTutorialDataset_3548	True	1	0.12744	0.87256	2.0
MonitoringTutorialDataset_2710	False	0	0.9847	0.0153	2.0
MonitoringTutorialDataset_3069	True	1	0.04589	0.95411	2.0
MonitoringTutorialDataset_3017	True	1	0.0	1.0	2.0
MonitoringTutorialDataset_3324	False	0	0.86749	0.13251	2.0
MonitoringTutorialDataset_2444	True	1	0.00039	0.99961	2.0
MonitoringTutorialDataset_0284	True	1	1e-05	0.99999	2.0
MonitoringTutorialDataset_0496	True	0	0.88769	0.11231	2.0
MonitoringTutorialDataset_3812	True	1	0.00359	0.99641	2.0
MonitoringTutorialDataset_3294	False	0	0.79584	0.20416	2.0
MonitoringTutorialDataset_3325	True	1	1e-05	0.99999	2.0
MonitoringTutorialDataset_3641	False	0	0.99981	0.00019	2.0
MonitoringTutorialDataset_3356	False	0	0.8454	0.1546	2.0
MonitoringTutorialDataset_0996	True	0	0.8203	0.1797	2.0
MonitoringTutorialDataset_0580	False	1	0.00108	0.99892	2.0
MonitoringTutorialDataset_1212	True	1	2e-05	0.99998	2.0
MonitoringTutorialDataset_1119	True	1	1e-05	0.99999	2.0
MonitoringTutorialDataset_1150	True	1	0.0005	0.9995	2.0
MonitoringTutorialDataset_3751	False	1	0.00427	0.99573	2.0
MonitoringTutorialDataset_3986	True	1	0.0	1.0	2.0
MonitoringTutorialDataset_0369	True	1	0.00039	0.99961	2.0
MonitoringTutorialDataset_0268	True	0	0.99	0.01	2.0
MonitoringTutorialDataset_4075	True	1	0.00015	0.99985	2.0
MonitoringTutorialDataset_0991	True	1	0.00047	0.99953	2.0
MonitoringTutorialDataset_0876	False	0	0.99969	0.00031	2.0
MonitoringTutorialDataset_0773	True	1	0.01718	0.98282	2.0
MonitoringTutorialDataset_1126	True	1	0.0	1.0	2.0
MonitoringTutorialDataset_0004	False	0	0.94216	0.05784	2.0
MonitoringTutorialDataset_1595	False	0	0.99818	0.00182	2.0
MonitoringTutorialDataset_3040	True	1	0.01074	0.98926	2.0
MonitoringTutorialDataset_1077	False	0	0.99878	0.00122	2.0
MonitoringTutorialDataset_0681	True	1	0.3638	0.6362	2.0
MonitoringTutorialDataset_2352	False	0	0.99914	0.00086	2.0
MonitoringTutorialDataset_2368	True	0	0.9958	0.0042	2.0
MonitoringTutorialDataset_3848	False	1	0.37694	0.62306	2.0
MonitoringTutorialDataset_2455	True	1	0.00013	0.99987	2.0
MonitoringTutorialDataset_0920	True	0	0.91206	0.08794	2.0
MonitoringTutorialDataset_0537	False	0	0.99956	0.00044	2.0
MonitoringTutorialDataset_2901	False	0	0.99998	2e-05	2.0
MonitoringTutorialDataset_2733	False	0	0.97728	0.02272	2.0
MonitoringTutorialDataset_3909	True	1	0.0	1.0	2.0
MonitoringTutorialDataset_3394	True	1	0.24459	0.75541	2.0
MonitoringTutorialDataset_3758	False	0	0.99707	0.00293	2.0
MonitoringTutorialDataset_3965	True	1	0.06718	0.93282	2.0
MonitoringTutorialDataset_0016	False	0	0.99996	4e-05	2.0
MonitoringTutorialDataset_3587	False	0	0.87263	0.12737	2.0
MonitoringTutorialDataset_1504	True	1	4e-05	0.99996	2.0
MonitoringTutorialDataset_0959	True	1	0.08137	0.91863	2.0
MonitoringTutorialDataset_2331	True	1	0.04764	0.95236	2.0
MonitoringTutorialDataset_3354	True	1	1e-05	0.99999	2.0
MonitoringTutorialDataset_0469	True	1	2e-05	0.99998	2.0
MonitoringTutorialDataset_1158	True	1	3e-05	0.99997	2.0
MonitoringTutorialDataset_3972	True	1	0.03477	0.96523	2.0
MonitoringTutorialDataset_1919	True	1	0.48002	0.51998	2.0
MonitoringTutorialDataset_3845	True	1	0.00088	0.99912	2.0
MonitoringTutorialDataset_3183	False	1	0.09613	0.90387	2.0
MonitoringTutorialDataset_1443	False	1	0.00138	0.99862	2.0
MonitoringTutorialDataset_2255	True	1	2e-05	0.99998	2.0
MonitoringTutorialDataset_3170	False	0	0.99878	0.00122	2.0
MonitoringTutorialDataset_3817	False	0	0.91939	0.08061	2.0
MonitoringTutorialDataset_3867	True	1	2e-05	0.99998	2.0
MonitoringTutorialDataset_3108	False	0	0.99613	0.00387	2.0
MonitoringTutorialDataset_2049	True	1	0.01541	0.98459	2.0
MonitoringTutorialDataset_3643	False	0	0.99019	0.00981	2.0
MonitoringTutorialDataset_0623	True	1	0.0002	0.9998	2.0
MonitoringTutorialDataset_3369	True	1	0.00069	0.99931	2.0
MonitoringTutorialDataset_1438	True	1	0.14996	0.85004	2.0
MonitoringTutorialDataset_2520	True	1	0.00023	0.99977	2.0
MonitoringTutorialDataset_2976	True	0	0.92532	0.07468	2.0
MonitoringTutorialDataset_0488	True	0	0.54187	0.45813	2.0
MonitoringTutorialDataset_2911	True	1	0.0	1.0	2.0
MonitoringTutorialDataset_1534	True	1	6e-05	0.99994	2.0
MonitoringTutorialDataset_1986	False	0	0.99131	0.00869	2.0
MonitoringTutorialDataset_3994	False	0	0.99978	0.00022	2.0
MonitoringTutorialDataset_0608	True	1	4e-05	0.99996	2.0
MonitoringTutorialDataset_3582	False	0	0.99946	0.00054	2.0
MonitoringTutorialDataset_3510	True	1	0.33465	0.66535	2.0
MonitoringTutorialDataset_2294	True	1	0.01487	0.98513	2.0
MonitoringTutorialDataset_1733	False	0	0.99514	0.00486	2.0
MonitoringTutorialDataset_1695	True	1	0.00025	0.99975	2.0
MonitoringTutorialDataset_1707	True	1	0.00486	0.99514	2.0
MonitoringTutorialDataset_1661	True	1	0.0035	0.9965	2.0
MonitoringTutorialDataset_2432	True	1	0.01861	0.98139	2.0
MonitoringTutorialDataset_0854	True	1	0.01157	0.98843	2.0
MonitoringTutorialDataset_2999	True	0	0.93068	0.06932	2.0
MonitoringTutorialDataset_3581	True	1	0.00097	0.99903	2.0
MonitoringTutorialDataset_3881	False	0	0.99097	0.00903	2.0
MonitoringTutorialDataset_3304	False	1	0.01291	0.98709	2.0
MonitoringTutorialDataset_1434	True	1	7e-05	0.99993	2.0
MonitoringTutorialDataset_1496	True	1	0.00103	0.99897	2.0
MonitoringTutorialDataset_3976	True	0	0.70274	0.29726	2.0
MonitoringTutorialDataset_2693	True	1	0.00013	0.99987	2.0
MonitoringTutorialDataset_1597	True	1	0.11109	0.88891	2.0
MonitoringTutorialDataset_2604	True	0	0.76856	0.23144	2.0
MonitoringTutorialDataset_2625	True	1	1e-05	0.99999	2.0
MonitoringTutorialDataset_3314	True	1	1e-04	0.9999	2.0
MonitoringTutorialDataset_2532	True	1	0.24028	0.75972	2.0
MonitoringTutorialDataset_2790	False	1	0.00014	0.99986	2.0
MonitoringTutorialDataset_3289	False	0	0.98753	0.01247	2.0
MonitoringTutorialDataset_1028	False	1	0.12021	0.87979	2.0
MonitoringTutorialDataset_2690	True	1	2e-05	0.99998	2.0
MonitoringTutorialDataset_0378	True	1	0.00665	0.99335	2.0
MonitoringTutorialDataset_3910	True	1	0.23938	0.76062	2.0
MonitoringTutorialDataset_2062	True	1	0.24595	0.75405	2.0
MonitoringTutorialDataset_0878	False	1	0.00315	0.99685	2.0
MonitoringTutorialDataset_3820	True	1	0.00501	0.99499	2.0
MonitoringTutorialDataset_2767	True	1	7e-05	0.99993	2.0
MonitoringTutorialDataset_3934	True	1	5e-05	0.99995	2.0
MonitoringTutorialDataset_1579	False	0	0.98572	0.01428	2.0
MonitoringTutorialDataset_3893	True	1	0.00011	0.99989	2.0
MonitoringTutorialDataset_1129	True	1	0.00715	0.99285	2.0
MonitoringTutorialDataset_1021	True	1	0.0	1.0	2.0
MonitoringTutorialDataset_1955	True	1	0.00026	0.99974	2.0
MonitoringTutorialDataset_2556	True	1	4e-05	0.99996	2.0
MonitoringTutorialDataset_1478	True	0	0.9461	0.0539	2.0
MonitoringTutorialDataset_2061	False	0	0.99634	0.00366	2.0
MonitoringTutorialDataset_0600	False	0	0.80304	0.19696	2.0
MonitoringTutorialDataset_2435	True	1	0.45878	0.54122	2.0
MonitoringTutorialDataset_1297	False	0	0.99548	0.00452	2.0
MonitoringTutorialDataset_2888	False	0	0.99769	0.00231	2.0
MonitoringTutorialDataset_3556	False	0	0.96797	0.03203	2.0
MonitoringTutorialDataset_3202	True	1	0.00011	0.99989	2.0
MonitoringTutorialDataset_1528	False	0	0.99894	0.00106	2.0
MonitoringTutorialDataset_1267	False	1	0.0005	0.9995	2.0
MonitoringTutorialDataset_0562	True	1	0.00636	0.99364	2.0
MonitoringTutorialDataset_2734	True	1	2e-05	0.99998	2.0
MonitoringTutorialDataset_2747	True	1	0.0	1.0	2.0
MonitoringTutorialDataset_0459	False	0	0.9048	0.0952	2.0
MonitoringTutorialDataset_0955	True	1	0.00225	0.99775	2.0
MonitoringTutorialDataset_2433	True	1	0.00024	0.99976	2.0
MonitoringTutorialDataset_2391	True	0	0.99351	0.00649	2.0
MonitoringTutorialDataset_3171	False	0	0.98871	0.01129	2.0
MonitoringTutorialDataset_1238	True	1	1e-04	0.9999	2.0
MonitoringTutorialDataset_1638	False	0	0.99978	0.00022	2.0
MonitoringTutorialDataset_1294	True	1	0.42249	0.57751	2.0
MonitoringTutorialDataset_0860	True	1	0.20053	0.79947	2.0
MonitoringTutorialDataset_1315	False	0	0.99839	0.00161	3.0
MonitoringTutorialDataset_0088	True	1	0.0	1.0	3.0
MonitoringTutorialDataset_4018	True	1	0.00198	0.99802	3.0
MonitoringTutorialDataset_2876	True	1	0.32915	0.67085	3.0
MonitoringTutorialDataset_2820	True	1	0.00162	0.99838	3.0
MonitoringTutorialDataset_1108	False	0	0.98246	0.01754	3.0
MonitoringTutorialDataset_1461	True	1	0.0	1.0	3.0
MonitoringTutorialDataset_1413	True	1	1e-05	0.99999	3.0
MonitoringTutorialDataset_0423	True	1	0.0	1.0	3.0
MonitoringTutorialDataset_3053	True	1	0.0	1.0	3.0
MonitoringTutorialDataset_4027	True	0	0.69286	0.30714	3.0
MonitoringTutorialDataset_0549	True	1	0.0	1.0	3.0
MonitoringTutorialDataset_0557	True	1	0.0026	0.9974	3.0
MonitoringTutorialDataset_0218	False	0	0.99947	0.00053	3.0
MonitoringTutorialDataset_0964	False	0	0.98826	0.01174	3.0
MonitoringTutorialDataset_3892	True	1	0.00238	0.99762	3.0
MonitoringTutorialDataset_1501	True	1	0.00321	0.99679	3.0
MonitoringTutorialDataset_1940	False	0	0.99881	0.00119	3.0
MonitoringTutorialDataset_2889	True	1	0.00152	0.99848	3.0
MonitoringTutorialDataset_2650	True	1	0.00019	0.99981	3.0
MonitoringTutorialDataset_3473	True	1	0.11061	0.88939	3.0
MonitoringTutorialDataset_3859	True	1	6e-05	0.99994	3.0
MonitoringTutorialDataset_0805	False	0	0.99034	0.00966	3.0
MonitoringTutorialDataset_1909	True	1	1e-05	0.99999	3.0
MonitoringTutorialDataset_3922	True	1	0.0	1.0	3.0
MonitoringTutorialDataset_1813	True	1	7e-05	0.99993	3.0
MonitoringTutorialDataset_2442	False	0	0.96663	0.03337	3.0
MonitoringTutorialDataset_1345	True	0	0.99963	0.00037	3.0
MonitoringTutorialDataset_2873	False	1	0.00311	0.99689	3.0
MonitoringTutorialDataset_2320	False	0	0.94752	0.05248	3.0
MonitoringTutorialDataset_4061	True	1	0.00106	0.99894	3.0
MonitoringTutorialDataset_1123	False	0	0.99693	0.00307	3.0
MonitoringTutorialDataset_1361	True	1	0.0	1.0	3.0
MonitoringTutorialDataset_0217	False	1	0.0367	0.9633	3.0
MonitoringTutorialDataset_1075	True	1	0.31701	0.68299	3.0
MonitoringTutorialDataset_2470	False	0	0.99558	0.00442	3.0
MonitoringTutorialDataset_2658	False	0	0.996	0.004	3.0
MonitoringTutorialDataset_1513	True	1	0.00015	0.99985	3.0
MonitoringTutorialDataset_4037	True	1	0.0002	0.9998	3.0
MonitoringTutorialDataset_3868	False	0	0.99896	0.00104	3.0
MonitoringTutorialDataset_0433	False	1	0.34866	0.65134	3.0
MonitoringTutorialDataset_2471	True	1	0.0	1.0	3.0
MonitoringTutorialDataset_3305	True	1	0.0	1.0	3.0
MonitoringTutorialDataset_0794	True	0	0.99905	0.00095	3.0
MonitoringTutorialDataset_0734	True	1	0.05343	0.94657	3.0
MonitoringTutorialDataset_0108	True	0	0.78601	0.21399	3.0
MonitoringTutorialDataset_2098	True	1	4e-05	0.99996	3.0
MonitoringTutorialDataset_1106	True	1	0.00285	0.99715	3.0
MonitoringTutorialDataset_2643	True	1	0.0	1.0	3.0
MonitoringTutorialDataset_3418	True	1	0.0	1.0	3.0
MonitoringTutorialDataset_2028	True	1	0.00077	0.99923	3.0
MonitoringTutorialDataset_0007	False	0	0.99674	0.00326	3.0
MonitoringTutorialDataset_2130	True	1	0.05403	0.94597	3.0
MonitoringTutorialDataset_2836	False	0	0.6757	0.3243	3.0
MonitoringTutorialDataset_0678	True	1	0.00016	0.99984	3.0
MonitoringTutorialDataset_3130	True	1	2e-05	0.99998	3.0
MonitoringTutorialDataset_2749	False	0	0.99861	0.00139	3.0
MonitoringTutorialDataset_3700	True	1	0.0	1.0	3.0
MonitoringTutorialDataset_0883	False	0	0.99513	0.00487	3.0
MonitoringTutorialDataset_0031	True	1	0.0195	0.9805	3.0
MonitoringTutorialDataset_1961	False	0	0.9999	1e-04	3.0
MonitoringTutorialDataset_3624	True	1	0.0	1.0	3.0
MonitoringTutorialDataset_0528	True	1	0.00078	0.99922	3.0
MonitoringTutorialDataset_2073	False	0	0.91905	0.08095	3.0
MonitoringTutorialDataset_1450	False	0	0.85097	0.14903	3.0
MonitoringTutorialDataset_1897	True	1	0.02199	0.97801	3.0
MonitoringTutorialDataset_3741	False	0	0.87466	0.12534	3.0
MonitoringTutorialDataset_2646	True	1	0.00262	0.99738	3.0
MonitoringTutorialDataset_3593	True	1	8e-05	0.99992	3.0
MonitoringTutorialDataset_2610	True	1	0.39881	0.60119	3.0
MonitoringTutorialDataset_0162	False	0	0.99943	0.00057	3.0
MonitoringTutorialDataset_1336	False	0	0.99415	0.00585	3.0
MonitoringTutorialDataset_2855	True	1	0.00869	0.99131	3.0
MonitoringTutorialDataset_3317	False	0	0.98916	0.01084	3.0
MonitoringTutorialDataset_3858	False	0	0.99961	0.00039	3.0
MonitoringTutorialDataset_3736	True	1	1e-05	0.99999	3.0
MonitoringTutorialDataset_0637	True	1	5e-05	0.99995	3.0
MonitoringTutorialDataset_0756	False	0	0.96256	0.03744	3.0
MonitoringTutorialDataset_2416	True	1	0.0	1.0	3.0
MonitoringTutorialDataset_2350	False	1	0.1504	0.8496	3.0
MonitoringTutorialDataset_1226	True	1	0.01834	0.98166	3.0
MonitoringTutorialDataset_3687	False	0	0.99987	0.00013	3.0
MonitoringTutorialDataset_2029	True	1	2e-05	0.99998	3.0
MonitoringTutorialDataset_3277	False	0	0.99954	0.00046	3.0
MonitoringTutorialDataset_1784	True	1	1e-05	0.99999	3.0
MonitoringTutorialDataset_1616	False	1	0.03646	0.96354	3.0
MonitoringTutorialDataset_3595	False	0	0.99022	0.00978	3.0
MonitoringTutorialDataset_2426	False	0	0.88627	0.11373	3.0
MonitoringTutorialDataset_3024	True	1	0.00088	0.99912	3.0
MonitoringTutorialDataset_3481	False	1	0.04336	0.95664	3.0
MonitoringTutorialDataset_3978	False	0	0.97927	0.02073	3.0
MonitoringTutorialDataset_0940	False	1	0.00674	0.99326	3.0
MonitoringTutorialDataset_2325	True	1	1e-05	0.99999	3.0
MonitoringTutorialDataset_3479	True	1	0.0	1.0	3.0
MonitoringTutorialDataset_2891	True	1	0.0	1.0	3.0
MonitoringTutorialDataset_2230	False	0	0.98648	0.01352	3.0
MonitoringTutorialDataset_0313	True	1	1e-04	0.9999	3.0
MonitoringTutorialDataset_0233	True	0	0.87055	0.12945	3.0
MonitoringTutorialDataset_3286	False	1	1e-05	0.99999	3.0
MonitoringTutorialDataset_2399	True	1	0.00235	0.99765	3.0
MonitoringTutorialDataset_2475	True	1	1e-05	0.99999	3.0
MonitoringTutorialDataset_3407	False	0	0.97782	0.02218	3.0
MonitoringTutorialDataset_1134	False	0	0.98161	0.01839	3.0
MonitoringTutorialDataset_2519	True	1	1e-05	0.99999	3.0
MonitoringTutorialDataset_3387	True	1	0.01763	0.98237	3.0
MonitoringTutorialDataset_3878	False	1	0.02886	0.97114	3.0
MonitoringTutorialDataset_0420	True	1	0.0	1.0	3.0
MonitoringTutorialDataset_1067	False	1	0.44369	0.55631	3.0
MonitoringTutorialDataset_0121	True	1	0.0	1.0	3.0
MonitoringTutorialDataset_0685	True	1	2e-05	0.99998	3.0
MonitoringTutorialDataset_1350	True	1	3e-05	0.99997	3.0
MonitoringTutorialDataset_0789	False	1	0.02591	0.97409	3.0
MonitoringTutorialDataset_2103	False	0	0.99826	0.00174	3.0
MonitoringTutorialDataset_3738	True	0	0.94424	0.05576	3.0
MonitoringTutorialDataset_1745	True	1	1e-05	0.99999	3.0
MonitoringTutorialDataset_1684	True	1	4e-05	0.99996	3.0
MonitoringTutorialDataset_1610	True	1	0.00031	0.99969	3.0
MonitoringTutorialDataset_1509	False	1	3e-05	0.99997	3.0
MonitoringTutorialDataset_1360	False	0	0.99007	0.00993	3.0
MonitoringTutorialDataset_1812	True	1	0.02346	0.97654	3.0
MonitoringTutorialDataset_0365	True	1	0.0	1.0	3.0
MonitoringTutorialDataset_0844	False	0	0.99965	0.00035	3.0
MonitoringTutorialDataset_3925	False	0	0.98582	0.01418	3.0
MonitoringTutorialDataset_0801	False	1	0.00214	0.99786	3.0
MonitoringTutorialDataset_1662	False	0	0.64734	0.35266	3.0
MonitoringTutorialDataset_2314	True	1	0.00122	0.99878	3.0
MonitoringTutorialDataset_3013	False	1	0.07369	0.92631	3.0
MonitoringTutorialDataset_2009	False	0	0.87688	0.12312	3.0
MonitoringTutorialDataset_3739	True	1	0.0003	0.9997	3.0
MonitoringTutorialDataset_2206	False	0	0.98482	0.01518	3.0
MonitoringTutorialDataset_1446	True	1	0.00306	0.99694	3.0
MonitoringTutorialDataset_1206	True	1	0.05961	0.94039	3.0
MonitoringTutorialDataset_0509	True	1	0.00057	0.99943	3.0
MonitoringTutorialDataset_3589	True	1	6e-05	0.99994	3.0
MonitoringTutorialDataset_0518	True	1	0.00428	0.99572	3.0
MonitoringTutorialDataset_2801	True	1	1e-05	0.99999	3.0
MonitoringTutorialDataset_0123	True	1	1e-05	0.99999	3.0
MonitoringTutorialDataset_3333	True	1	0.05745	0.94255	3.0
MonitoringTutorialDataset_3252	False	0	0.99933	0.00067	3.0
MonitoringTutorialDataset_2934	True	1	0.00453	0.99547	3.0
MonitoringTutorialDataset_0381	True	1	0.0019	0.9981	3.0
MonitoringTutorialDataset_1010	True	0	0.96597	0.03403	3.0
MonitoringTutorialDataset_4071	False	0	0.98106	0.01894	3.0
MonitoringTutorialDataset_1760	True	1	1e-05	0.99999	3.0
MonitoringTutorialDataset_3571	False	0	0.86221	0.13779	3.0
MonitoringTutorialDataset_3694	True	1	0.18141	0.81859	3.0
MonitoringTutorialDataset_3091	True	1	1e-05	0.99999	3.0
MonitoringTutorialDataset_1647	True	1	4e-05	0.99996	3.0
MonitoringTutorialDataset_1196	True	0	0.52596	0.47404	3.0
MonitoringTutorialDataset_1102	True	0	0.62028	0.37972	3.0
MonitoringTutorialDataset_2726	False	0	0.74724	0.25275	3.0
MonitoringTutorialDataset_2536	False	0	0.99973	0.00027	3.0
MonitoringTutorialDataset_0898	False	0	0.92718	0.07282	3.0
MonitoringTutorialDataset_1563	False	1	0.00842	0.99158	3.0
MonitoringTutorialDataset_2337	False	0	0.99496	0.00504	3.0
MonitoringTutorialDataset_3534	False	0	0.99911	0.00089	3.0
MonitoringTutorialDataset_1846	True	1	2e-05	0.99998	3.0
MonitoringTutorialDataset_3225	True	1	4e-05	0.99996	3.0
MonitoringTutorialDataset_2272	False	0	0.98499	0.01501	3.0
MonitoringTutorialDataset_1452	True	1	0.19433	0.80567	3.0
MonitoringTutorialDataset_0677	True	1	0.02835	0.97165	3.0
MonitoringTutorialDataset_1872	False	1	0.08814	0.91186	3.0
MonitoringTutorialDataset_1124	False	1	0.22688	0.77312	3.0
MonitoringTutorialDataset_1670	True	1	1e-05	0.99999	3.0
MonitoringTutorialDataset_1601	True	1	0.0036	0.9964	3.0
MonitoringTutorialDataset_0480	True	1	0.00855	0.99145	3.0
MonitoringTutorialDataset_3837	True	1	0.0	1.0	3.0
MonitoringTutorialDataset_2649	True	1	1e-05	0.99999	3.0
MonitoringTutorialDataset_1127	True	1	3e-05	0.99997	3.0
MonitoringTutorialDataset_0347	True	1	0.47767	0.52233	3.0
MonitoringTutorialDataset_0979	False	0	0.95354	0.04646	3.0
MonitoringTutorialDataset_3406	True	0	0.99303	0.00697	3.0
MonitoringTutorialDataset_1741	True	1	3e-05	0.99997	3.0
MonitoringTutorialDataset_0115	False	0	0.99956	0.00044	3.0
MonitoringTutorialDataset_0613	False	0	0.99967	0.00033	3.0
MonitoringTutorialDataset_3400	False	0	0.99925	0.00075	3.0
MonitoringTutorialDataset_2480	False	0	0.9408	0.0592	3.0
MonitoringTutorialDataset_0707	False	0	0.9925	0.0075	3.0
MonitoringTutorialDataset_2118	True	0	0.99966	0.00034	3.0
MonitoringTutorialDataset_2685	True	1	5e-05	0.99995	3.0
MonitoringTutorialDataset_1397	False	0	0.87486	0.12514	3.0
MonitoringTutorialDataset_1620	True	1	1e-05	0.99999	3.0
MonitoringTutorialDataset_2793	True	1	0.03109	0.96891	3.0
MonitoringTutorialDataset_2862	True	1	0.00052	0.99948	3.0
MonitoringTutorialDataset_4001	False	0	0.99283	0.00717	3.0
MonitoringTutorialDataset_2372	False	0	0.99586	0.00414	3.0
MonitoringTutorialDataset_2585	True	1	0.00033	0.99967	3.0
MonitoringTutorialDataset_3081	False	0	0.99895	0.00105	3.0
MonitoringTutorialDataset_1462	False	0	0.85673	0.14327	3.0
MonitoringTutorialDataset_2822	False	0	0.99737	0.00263	3.0
MonitoringTutorialDataset_2623	True	1	0.0	1.0	3.0
MonitoringTutorialDataset_3985	False	0	0.99993	7e-05	3.0
MonitoringTutorialDataset_2821	True	0	0.67797	0.32203	3.0
MonitoringTutorialDataset_0858	False	0	0.99355	0.00645	3.0
MonitoringTutorialDataset_1874	True	1	0.0	1.0	3.0
MonitoringTutorialDataset_3674	False	1	0.0	1.0	3.0
MonitoringTutorialDataset_2985	True	1	0.00035	0.99965	3.0
MonitoringTutorialDataset_2269	True	1	2e-05	0.99998	3.0
MonitoringTutorialDataset_2114	True	1	0.00442	0.99558	3.0
MonitoringTutorialDataset_2648	True	1	0.00017	0.99983	3.0
MonitoringTutorialDataset_0669	False	1	0.00948	0.99052	3.0
MonitoringTutorialDataset_1587	True	1	0.0	1.0	3.0
MonitoringTutorialDataset_0786	True	1	0.01681	0.98319	3.0
MonitoringTutorialDataset_0714	False	0	0.99642	0.00358	3.0
MonitoringTutorialDataset_3886	True	1	0.01961	0.98039	3.0
MonitoringTutorialDataset_3245	False	0	0.52716	0.47284	3.0
MonitoringTutorialDataset_0618	False	0	0.82135	0.17865	3.0
MonitoringTutorialDataset_3715	True	1	0.0	1.0	3.0
MonitoringTutorialDataset_0890	False	1	0.31046	0.68954	3.0
MonitoringTutorialDataset_2630	False	0	0.56549	0.43451	3.0
MonitoringTutorialDataset_4044	True	1	0.0	1.0	3.0
MonitoringTutorialDataset_2644	False	0	0.5978	0.4022	3.0
MonitoringTutorialDataset_1800	True	1	0.0	1.0	3.0
MonitoringTutorialDataset_2596	True	1	0.1099	0.8901	3.0
MonitoringTutorialDataset_3066	False	1	0.00016	0.99984	3.0
MonitoringTutorialDataset_1000	False	1	0.2489	0.7511	3.0
MonitoringTutorialDataset_1505	True	1	1e-05	0.99999	3.0
MonitoringTutorialDataset_1637	False	0	0.99511	0.00489	3.0
MonitoringTutorialDataset_1404	False	1	0.0834	0.9166	3.0
MonitoringTutorialDataset_3158	True	1	0.10599	0.89401	3.0
MonitoringTutorialDataset_3941	True	0	0.75856	0.24144	3.0
MonitoringTutorialDataset_2382	False	0	0.98695	0.01305	3.0
MonitoringTutorialDataset_2451	False	1	0.12048	0.87952	3.0
MonitoringTutorialDataset_2576	True	1	0.00355	0.99645	3.0
MonitoringTutorialDataset_1904	True	1	0.01384	0.98616	3.0
MonitoringTutorialDataset_0085	False	0	0.93222	0.06778	3.0
MonitoringTutorialDataset_0128	False	1	0.00085	0.99915	3.0
MonitoringTutorialDataset_1364	False	0	0.99995	5e-05	3.0
MonitoringTutorialDataset_3656	True	1	1e-05	0.99999	3.0
MonitoringTutorialDataset_0891	True	1	0.00028	0.99972	3.0
MonitoringTutorialDataset_0275	False	1	0.0216	0.9784	3.0
MonitoringTutorialDataset_0489	True	1	4e-05	0.99996	3.0
MonitoringTutorialDataset_3747	False	0	0.9999	1e-04	3.0
MonitoringTutorialDataset_2856	False	0	0.99904	0.00096	3.0
MonitoringTutorialDataset_1905	True	1	2e-05	0.99998	3.0
MonitoringTutorialDataset_1706	False	0	0.91157	0.08843	3.0
MonitoringTutorialDataset_1993	True	1	0.0	1.0	3.0
MonitoringTutorialDataset_0629	False	0	0.9178	0.0822	3.0
MonitoringTutorialDataset_3663	False	0	0.98673	0.01327	3.0
MonitoringTutorialDataset_1472	True	1	0.05634	0.94366	3.0
MonitoringTutorialDataset_2877	False	0	0.98512	0.01488	3.0
MonitoringTutorialDataset_3754	True	1	0.00086	0.99914	3.0
MonitoringTutorialDataset_2140	True	1	7e-05	0.99993	3.0
MonitoringTutorialDataset_0529	False	1	7e-05	0.99993	3.0
MonitoringTutorialDataset_2499	True	1	0.00207	0.99793	3.0
MonitoringTutorialDataset_1269	True	1	3e-05	0.99997	3.0
MonitoringTutorialDataset_0185	True	1	0.00134	0.99866	3.0
MonitoringTutorialDataset_1273	True	1	6e-05	0.99994	3.0
MonitoringTutorialDataset_0352	True	1	0.0	1.0	3.0
MonitoringTutorialDataset_3552	True	1	3e-05	0.99997	3.0
MonitoringTutorialDataset_0444	True	1	0.0	1.0	3.0
MonitoringTutorialDataset_3997	True	1	9e-05	0.99991	3.0
MonitoringTutorialDataset_4041	False	0	0.78564	0.21436	3.0
MonitoringTutorialDataset_3562	True	1	0.00162	0.99838	3.0
MonitoringTutorialDataset_0694	True	1	0.0	1.0	3.0
MonitoringTutorialDataset_1266	False	0	0.71085	0.28915	3.0
MonitoringTutorialDataset_3688	True	1	1e-05	0.99999	3.0
MonitoringTutorialDataset_2282	False	0	0.98362	0.01638	3.0
MonitoringTutorialDataset_0207	True	1	0.00019	0.99981	3.0
MonitoringTutorialDataset_2155	True	1	7e-05	0.99993	3.0
MonitoringTutorialDataset_0458	True	1	0.0	1.0	3.0
MonitoringTutorialDataset_2457	True	1	0.00017	0.99983	3.0
MonitoringTutorialDataset_3189	True	1	0.0	1.0	3.0
MonitoringTutorialDataset_2276	True	1	2e-05	0.99998	3.0
MonitoringTutorialDataset_0634	True	1	1e-05	0.99999	3.0
MonitoringTutorialDataset_0427	False	1	0.00028	0.99972	3.0
MonitoringTutorialDataset_3076	True	1	6e-05	0.99994	3.0
MonitoringTutorialDataset_1109	True	1	0.11267	0.88733	3.0
MonitoringTutorialDataset_2405	False	0	0.99893	0.00107	3.0
MonitoringTutorialDataset_3093	True	1	0.0	1.0	3.0
MonitoringTutorialDataset_2347	False	0	0.78114	0.21886	3.0
MonitoringTutorialDataset_3433	True	1	1e-04	0.9999	3.0
MonitoringTutorialDataset_3616	True	1	0.0	1.0	3.0
MonitoringTutorialDataset_1087	True	1	0.00974	0.99026	3.0
MonitoringTutorialDataset_0583	True	1	0.00011	0.99989	3.0
MonitoringTutorialDataset_2665	True	1	0.00815	0.99185	3.0
MonitoringTutorialDataset_2688	True	1	1e-05	0.99999	3.0
MonitoringTutorialDataset_1530	True	1	0.00056	0.99944	3.0
MonitoringTutorialDataset_3229	True	1	3e-05	0.99997	3.0
MonitoringTutorialDataset_2715	True	1	9e-05	0.99991	3.0
MonitoringTutorialDataset_2704	True	1	0.0	1.0	3.0
MonitoringTutorialDataset_4002	False	1	0.37903	0.62097	3.0
MonitoringTutorialDataset_3378	False	1	0.01085	0.98915	3.0
MonitoringTutorialDataset_1265	True	0	0.99743	0.00257	3.0
MonitoringTutorialDataset_3052	True	1	0.0009	0.9991	3.0
MonitoringTutorialDataset_0993	True	1	0.12711	0.87289	3.0
MonitoringTutorialDataset_3621	False	0	0.99299	0.00701	3.0
MonitoringTutorialDataset_3056	False	0	0.99089	0.00911	3.0
MonitoringTutorialDataset_3364	True	1	3e-05	0.99997	3.0
MonitoringTutorialDataset_0588	False	0	0.99952	0.00048	3.0
MonitoringTutorialDataset_3311	True	1	0.09498	0.90502	3.0
MonitoringTutorialDataset_1716	False	1	0.26934	0.73066	3.0
MonitoringTutorialDataset_2567	True	1	0.00011	0.99989	3.0
MonitoringTutorialDataset_2087	True	1	0.0	1.0	3.0
MonitoringTutorialDataset_1889	True	1	3e-05	0.99997	3.0
MonitoringTutorialDataset_3597	True	1	0.00055	0.99945	3.0
MonitoringTutorialDataset_3282	False	0	0.9999	1e-04	3.0
MonitoringTutorialDataset_1274	True	1	0.00043	0.99957	3.0
MonitoringTutorialDataset_1486	False	1	0.3593	0.6407	3.0
MonitoringTutorialDataset_2668	False	0	0.68753	0.31247	3.0
MonitoringTutorialDataset_1933	True	1	0.06094	0.93906	3.0
MonitoringTutorialDataset_0579	True	1	0.17466	0.82534	3.0
MonitoringTutorialDataset_1776	True	1	0.0	1.0	3.0
MonitoringTutorialDataset_1913	False	1	0.40133	0.59867	3.0
MonitoringTutorialDataset_2882	False	0	0.97444	0.02556	3.0
MonitoringTutorialDataset_2273	False	0	0.94337	0.05663	3.0
MonitoringTutorialDataset_1085	True	1	0.03577	0.96423	3.0
MonitoringTutorialDataset_3345	True	1	0.00072	0.99928	3.0
MonitoringTutorialDataset_2234	True	1	0.00123	0.99877	3.0
MonitoringTutorialDataset_0963	False	0	0.8319	0.1681	3.0
MonitoringTutorialDataset_2854	False	0	0.9998	0.0002	3.0
MonitoringTutorialDataset_2050	False	0	0.99637	0.00363	3.0
MonitoringTutorialDataset_0339	False	1	0.35139	0.64861	3.0
MonitoringTutorialDataset_2424	False	1	0.45116	0.54884	3.0
MonitoringTutorialDataset_3828	False	0	0.99614	0.00386	3.0
MonitoringTutorialDataset_2555	True	1	0.15174	0.84826	3.0
MonitoringTutorialDataset_3523	True	0	0.77278	0.22722	3.0
MonitoringTutorialDataset_1449	True	1	2e-05	0.99998	3.0
MonitoringTutorialDataset_3952	True	1	0.00029	0.99971	3.0
MonitoringTutorialDataset_3808	True	0	0.78358	0.21642	3.0
MonitoringTutorialDataset_3742	False	0	0.80225	0.19775	3.0
MonitoringTutorialDataset_1521	True	1	1e-05	0.99999	3.0
MonitoringTutorialDataset_0136	False	0	0.6298	0.3702	3.0
MonitoringTutorialDataset_3123	True	1	0.00327	0.99673	3.0
MonitoringTutorialDataset_1341	True	1	0.00964	0.99036	3.0
MonitoringTutorialDataset_0101	False	0	0.95224	0.04776	3.0
MonitoringTutorialDataset_2905	False	1	0.29247	0.70753	3.0
MonitoringTutorialDataset_0171	True	1	0.00411	0.99589	3.0
MonitoringTutorialDataset_3149	False	1	0.38106	0.61894	3.0
MonitoringTutorialDataset_0481	True	1	0.00303	0.99697	3.0
MonitoringTutorialDataset_3447	False	0	0.98429	0.01571	3.0
MonitoringTutorialDataset_2835	True	1	0.26105	0.73895	3.0
MonitoringTutorialDataset_0167	False	0	0.96528	0.03472	3.0
MonitoringTutorialDataset_2917	True	1	0.17927	0.82073	3.0
MonitoringTutorialDataset_1700	False	1	0.34014	0.65986	3.0
MonitoringTutorialDataset_3991	True	1	0.00027	0.99973	3.0
MonitoringTutorialDataset_2541	False	0	0.99895	0.00105	3.0
MonitoringTutorialDataset_3821	True	1	0.10414	0.89586	3.0
MonitoringTutorialDataset_1279	True	1	2e-05	0.99998	3.0
MonitoringTutorialDataset_3912	False	1	0.00062	0.99938	3.0
MonitoringTutorialDataset_3372	True	1	0.47875	0.52125	3.0
MonitoringTutorialDataset_3233	True	1	0.00326	0.99674	3.0
MonitoringTutorialDataset_1790	True	1	0.00876	0.99124	3.0
MonitoringTutorialDataset_0832	True	1	8e-05	0.99992	3.0
MonitoringTutorialDataset_3128	False	1	0.41517	0.58483	3.0
MonitoringTutorialDataset_2134	True	1	0.00071	0.99929	3.0
MonitoringTutorialDataset_1920	False	1	1e-05	0.99999	3.0
MonitoringTutorialDataset_3508	True	1	0.30059	0.69941	3.0
MonitoringTutorialDataset_1701	True	1	0.0	1.0	3.0
MonitoringTutorialDataset_0987	True	1	0.00216	0.99784	3.0
MonitoringTutorialDataset_3198	True	1	0.04079	0.95921	3.0
MonitoringTutorialDataset_1394	True	1	9e-05	0.99991	3.0
MonitoringTutorialDataset_2637	False	1	0.15855	0.84145	3.0
MonitoringTutorialDataset_3602	True	1	2e-05	0.99998	3.0
MonitoringTutorialDataset_0285	True	1	1e-05	0.99999	3.0
MonitoringTutorialDataset_4074	True	1	4e-05	0.99996	3.0
MonitoringTutorialDataset_0326	True	1	0.00036	0.99964	3.0
MonitoringTutorialDataset_1383	True	1	0.17539	0.82461	3.0
MonitoringTutorialDataset_3262	True	1	0.00021	0.99979	3.0
MonitoringTutorialDataset_1107	True	1	0.25488	0.74512	3.0
MonitoringTutorialDataset_3412	True	1	0.00028	0.99972	3.0
MonitoringTutorialDataset_3167	True	1	0.00015	0.99985	3.0
MonitoringTutorialDataset_1990	True	1	0.0	1.0	3.0
MonitoringTutorialDataset_3662	True	1	0.0	1.0	3.0
MonitoringTutorialDataset_0938	False	0	0.99593	0.00407	3.0
MonitoringTutorialDataset_3760	True	1	0.0	1.0	3.0
MonitoringTutorialDataset_2708	True	1	0.00052	0.99948	3.0
MonitoringTutorialDataset_2418	True	1	9e-05	0.99991	3.0
MonitoringTutorialDataset_1430	False	1	0.00059	0.99941	3.0
MonitoringTutorialDataset_3043	False	0	0.98899	0.01101	3.0
MonitoringTutorialDataset_2830	False	0	0.96969	0.03031	3.0
MonitoringTutorialDataset_1347	True	1	0.00043	0.99957	3.0
MonitoringTutorialDataset_1639	False	1	1e-05	0.99999	3.0
MonitoringTutorialDataset_3807	True	1	2e-05	0.99998	3.0
MonitoringTutorialDataset_2443	False	0	0.99955	0.00045	3.0
MonitoringTutorialDataset_0362	True	1	0.0	1.0	3.0
MonitoringTutorialDataset_2349	False	1	5e-05	0.99995	3.0
MonitoringTutorialDataset_0345	False	0	0.96257	0.03743	3.0
MonitoringTutorialDataset_1932	False	0	0.95106	0.04894	3.0
MonitoringTutorialDataset_1865	True	1	5e-05	0.99995	3.0
MonitoringTutorialDataset_2243	True	1	0.00067	0.99933	3.0
MonitoringTutorialDataset_1277	True	1	0.00819	0.99181	3.0
MonitoringTutorialDataset_0950	True	1	0.0	1.0	3.0
MonitoringTutorialDataset_3608	True	1	0.07384	0.92616	3.0
MonitoringTutorialDataset_2992	True	1	0.00046	0.99954	3.0
MonitoringTutorialDataset_1471	False	0	0.63109	0.36891	3.0
MonitoringTutorialDataset_2626	True	1	0.01101	0.98899	3.0
MonitoringTutorialDataset_1970	True	1	0.03833	0.96167	3.0
MonitoringTutorialDataset_1997	False	0	0.99441	0.00559	3.0
MonitoringTutorialDataset_3898	True	1	2e-05	0.99998	3.0
MonitoringTutorialDataset_3549	False	1	0.00556	0.99444	3.0
MonitoringTutorialDataset_3451	False	1	0.41033	0.58967	3.0
MonitoringTutorialDataset_4014	False	1	0.01784	0.98216	3.0
MonitoringTutorialDataset_3746	False	0	0.95491	0.04509	3.0
MonitoringTutorialDataset_1851	True	1	0.00178	0.99822	3.0
MonitoringTutorialDataset_3882	False	1	7e-05	0.99993	3.0
MonitoringTutorialDataset_2932	False	0	0.95802	0.04198	3.0
MonitoringTutorialDataset_0333	True	1	0.36001	0.63999	3.0
MonitoringTutorialDataset_3048	True	1	0.01185	0.98815	3.0
MonitoringTutorialDataset_4009	True	1	0.00053	0.99947	3.0
MonitoringTutorialDataset_4008	False	1	0.0	1.0	3.0
MonitoringTutorialDataset_1342	True	0	0.89149	0.10851	3.0
MonitoringTutorialDataset_1619	True	1	0.00022	0.99978	3.0
MonitoringTutorialDataset_3844	True	1	0.0012	0.9988	3.0
MonitoringTutorialDataset_0260	False	0	0.99484	0.00516	3.0
MonitoringTutorialDataset_0653	False	0	0.99886	0.00114	3.0
MonitoringTutorialDataset_0558	True	1	0.0	1.0	3.0
MonitoringTutorialDataset_0224	True	1	0.0	1.0	3.0
MonitoringTutorialDataset_3278	True	1	0.38593	0.61407	3.0
MonitoringTutorialDataset_2621	True	1	0.00146	0.99854	3.0
MonitoringTutorialDataset_0645	True	1	0.16375	0.83625	3.0
MonitoringTutorialDataset_0003	False	0	0.99998	2e-05	3.0
MonitoringTutorialDataset_0467	True	1	0.0126	0.9874	3.0
MonitoringTutorialDataset_3082	False	0	0.99725	0.00275	3.0
MonitoringTutorialDataset_3153	True	0	0.60223	0.39777	3.0
MonitoringTutorialDataset_3022	False	0	0.99984	0.00016	3.0
MonitoringTutorialDataset_1526	False	1	0.00053	0.99947	3.0
MonitoringTutorialDataset_4051	True	1	1e-05	0.99999	3.0
MonitoringTutorialDataset_2709	True	1	0.0	1.0	3.0
MonitoringTutorialDataset_3452	True	1	7e-05	0.99993	3.0
MonitoringTutorialDataset_1761	True	1	0.0	1.0	3.0
MonitoringTutorialDataset_1305	True	1	0.01659	0.98341	3.0
MonitoringTutorialDataset_1541	True	1	0.0377	0.9623	3.0
MonitoringTutorialDataset_3535	False	0	0.99786	0.00214	3.0
MonitoringTutorialDataset_2795	True	1	1e-05	0.99999	3.0
MonitoringTutorialDataset_3127	True	1	0.00589	0.99411	3.0
MonitoringTutorialDataset_0110	True	1	0.00013	0.99987	3.0
MonitoringTutorialDataset_2275	True	1	0.10312	0.89688	3.0
MonitoringTutorialDataset_1169	False	1	0.0	1.0	3.0
MonitoringTutorialDataset_0066	False	1	0.00296	0.99704	3.0
MonitoringTutorialDataset_3677	False	0	0.99914	0.00086	3.0
MonitoringTutorialDataset_2072	True	1	0.01993	0.98007	3.0
MonitoringTutorialDataset_0536	True	1	0.0	1.0	3.0
MonitoringTutorialDataset_1254	False	1	0.05726	0.94274	3.0
MonitoringTutorialDataset_1654	False	0	0.62693	0.37307	3.0
MonitoringTutorialDataset_3249	True	1	3e-05	0.99997	3.0
MonitoringTutorialDataset_3658	True	1	0.0	1.0	3.0
MonitoringTutorialDataset_2746	False	0	0.99997	3e-05	3.0
MonitoringTutorialDataset_0364	True	1	0.00012	0.99988	3.0
MonitoringTutorialDataset_0473	True	1	1e-05	0.99999	3.0
MonitoringTutorialDataset_0525	False	0	0.99971	0.00029	3.0
MonitoringTutorialDataset_0725	True	1	3e-05	0.99997	3.0
MonitoringTutorialDataset_0638	False	0	0.98869	0.01131	3.0
MonitoringTutorialDataset_2766	True	1	0.03187	0.96813	3.0
MonitoringTutorialDataset_3541	False	0	0.9198	0.0802	3.0
MonitoringTutorialDataset_0336	True	1	0.0	1.0	3.0
MonitoringTutorialDataset_0106	True	1	0.02116	0.97884	3.0
MonitoringTutorialDataset_1144	False	1	0.48671	0.51329	3.0
MonitoringTutorialDataset_2296	False	1	0.09903	0.90097	3.0
MonitoringTutorialDataset_2841	True	1	0.21642	0.78358	3.0
MonitoringTutorialDataset_0523	False	1	0.00094	0.99906	3.0
MonitoringTutorialDataset_2280	False	1	0.00036	0.99964	3.0
MonitoringTutorialDataset_1428	False	0	0.99656	0.00344	3.0
MonitoringTutorialDataset_3733	False	0	0.99994	6e-05	3.0
MonitoringTutorialDataset_0280	True	0	0.81367	0.18633	3.0
MonitoringTutorialDataset_1994	True	1	0.38488	0.61512	3.0
MonitoringTutorialDataset_3126	True	1	0.00011	0.99989	3.0
MonitoringTutorialDataset_2158	True	1	0.00448	0.99552	3.0
MonitoringTutorialDataset_0204	True	1	0.00169	0.99831	3.0
MonitoringTutorialDataset_0137	True	1	0.00958	0.99042	3.0
MonitoringTutorialDataset_2947	True	1	0.01214	0.98786	3.0
MonitoringTutorialDataset_3144	True	1	4e-05	0.99996	3.0
MonitoringTutorialDataset_2482	True	1	6e-05	0.99994	3.0
MonitoringTutorialDataset_2906	False	1	0.01207	0.98793	3.0
MonitoringTutorialDataset_1329	False	1	0.02148	0.97852	3.0
MonitoringTutorialDataset_4055	True	1	0.01646	0.98354	3.0
MonitoringTutorialDataset_2150	True	1	0.00066	0.99934	3.0
MonitoringTutorialDataset_2122	True	1	0.0	1.0	3.0
MonitoringTutorialDataset_3724	False	0	0.945	0.055	3.0
MonitoringTutorialDataset_3037	False	0	0.5239	0.4761	3.0
MonitoringTutorialDataset_0249	True	1	0.0	1.0	3.0
MonitoringTutorialDataset_2142	True	1	0.00293	0.99707	3.0
MonitoringTutorialDataset_0475	True	1	2e-05	0.99998	3.0
MonitoringTutorialDataset_2152	True	1	0.00405	0.99595	3.0
MonitoringTutorialDataset_3693	False	0	0.99855	0.00145	3.0
MonitoringTutorialDataset_0062	True	1	9e-05	0.99991	3.0
MonitoringTutorialDataset_4063	False	0	0.97578	0.02422	3.0
MonitoringTutorialDataset_2193	True	1	0.0	1.0	3.0
MonitoringTutorialDataset_1824	False	0	0.62277	0.37723	3.0
MonitoringTutorialDataset_0009	False	0	0.85218	0.14782	3.0
MonitoringTutorialDataset_0708	True	1	5e-05	0.99995	3.0
MonitoringTutorialDataset_1581	True	0	0.86886	0.13114	3.0
MonitoringTutorialDataset_0924	True	1	0.00167	0.99833	3.0
MonitoringTutorialDataset_2549	True	1	0.00365	0.99635	3.0
MonitoringTutorialDataset_0372	True	1	0.00249	0.99751	3.0
MonitoringTutorialDataset_0357	True	1	0.00118	0.99882	3.0
MonitoringTutorialDataset_2783	True	1	0.00442	0.99558	3.0
MonitoringTutorialDataset_2094	True	1	0.19455	0.80545	3.0
MonitoringTutorialDataset_1699	True	1	0.0	1.0	3.0
MonitoringTutorialDataset_3755	False	0	0.99493	0.00507	3.0
MonitoringTutorialDataset_1172	True	1	2e-05	0.99998	3.0
MonitoringTutorialDataset_1958	True	1	0.00031	0.99969	3.0
MonitoringTutorialDataset_1384	True	1	0.0	1.0	3.0
MonitoringTutorialDataset_1683	False	0	0.62037	0.37963	3.0
MonitoringTutorialDataset_3494	True	1	1e-05	0.99999	3.0
MonitoringTutorialDataset_3469	True	1	0.0	1.0	3.0
MonitoringTutorialDataset_0172	True	1	0.03639	0.96361	3.0
MonitoringTutorialDataset_1324	True	0	0.99764	0.00236	3.0
MonitoringTutorialDataset_1680	False	1	0.00619	0.99381	3.0
MonitoringTutorialDataset_0499	False	0	0.98584	0.01416	3.0
MonitoringTutorialDataset_1519	False	0	0.99583	0.00417	3.0
MonitoringTutorialDataset_3804	True	1	0.0	1.0	3.0
MonitoringTutorialDataset_2993	False	0	0.98803	0.01197	3.0
MonitoringTutorialDataset_1416	False	0	0.99881	0.00119	3.0
MonitoringTutorialDataset_3145	True	1	0.0	1.0	3.0
MonitoringTutorialDataset_2705	True	1	0.00016	0.99984	3.0
MonitoringTutorialDataset_0732	True	1	0.0	1.0	3.0
MonitoringTutorialDataset_3771	True	0	0.99452	0.00548	3.0
MonitoringTutorialDataset_2445	True	1	0.0	1.0	3.0
MonitoringTutorialDataset_1209	True	1	0.0	1.0	3.0
MonitoringTutorialDataset_1065	True	0	0.99004	0.00996	3.0
MonitoringTutorialDataset_3615	True	0	0.65912	0.34088	3.0
MonitoringTutorialDataset_3863	True	1	1e-05	0.99999	3.0
MonitoringTutorialDataset_2502	True	1	0.00132	0.99868	3.0
MonitoringTutorialDataset_0264	True	1	0.00563	0.99437	3.0
MonitoringTutorialDataset_0395	True	1	0.0	1.0	3.0
MonitoringTutorialDataset_3453	True	1	0.0886	0.9114	3.0
MonitoringTutorialDataset_3090	True	1	0.03647	0.96353	3.0
MonitoringTutorialDataset_3520	True	0	0.72326	0.27674	3.0
MonitoringTutorialDataset_3956	False	0	0.80786	0.19214	3.0
MonitoringTutorialDataset_2326	False	1	0.02785	0.97215	3.0
MonitoringTutorialDataset_3424	True	1	0.0	1.0	3.0
MonitoringTutorialDataset_2143	True	1	1e-05	0.99999	3.0
MonitoringTutorialDataset_2239	False	1	0.02657	0.97343	3.0
MonitoringTutorialDataset_1892	True	0	0.99752	0.00248	3.0
MonitoringTutorialDataset_0417	True	0	0.53612	0.46388	3.0
MonitoringTutorialDataset_2546	True	1	0.01248	0.98752	3.0
MonitoringTutorialDataset_3373	True	1	0.00084	0.99916	3.0
MonitoringTutorialDataset_1066	False	1	6e-05	0.99994	3.0
MonitoringTutorialDataset_1191	False	0	0.98297	0.01703	3.0
MonitoringTutorialDataset_3905	True	1	0.00853	0.99147	3.0
MonitoringTutorialDataset_2738	True	0	0.68282	0.31718	3.0
MonitoringTutorialDataset_2737	True	1	3e-05	0.99997	3.0
MonitoringTutorialDataset_1687	False	0	0.92618	0.07382	3.0
MonitoringTutorialDataset_0851	True	1	0.0018	0.9982	3.0
MonitoringTutorialDataset_2839	True	1	0.0	1.0	3.0
MonitoringTutorialDataset_1781	True	0	0.69183	0.30817	3.0
MonitoringTutorialDataset_1635	False	1	3e-05	0.99997	3.0
MonitoringTutorialDataset_2479	True	1	0.00446	0.99554	3.0
MonitoringTutorialDataset_2265	True	0	0.83844	0.16156	3.0
MonitoringTutorialDataset_0957	False	0	0.99198	0.00802	3.0
MonitoringTutorialDataset_3864	False	0	0.99183	0.00817	3.0
MonitoringTutorialDataset_3343	False	0	0.9993	0.0007	3.0
MonitoringTutorialDataset_0633	True	1	0.00033	0.99967	3.0
MonitoringTutorialDataset_3506	True	1	0.00469	0.99531	3.0
MonitoringTutorialDataset_3584	False	0	0.99909	0.00091	3.0
MonitoringTutorialDataset_3709	False	1	0.11348	0.88652	3.0
MonitoringTutorialDataset_2870	True	1	7e-05	0.99993	3.0
MonitoringTutorialDataset_0046	False	0	0.99639	0.00361	3.0
MonitoringTutorialDataset_3421	False	1	0.33069	0.66931	3.0
MonitoringTutorialDataset_3051	True	1	7e-05	0.99993	3.0
MonitoringTutorialDataset_3124	False	0	0.99272	0.00728	3.0
MonitoringTutorialDataset_2311	False	1	0.00898	0.99102	3.0
MonitoringTutorialDataset_3413	False	0	0.99005	0.00995	3.0
MonitoringTutorialDataset_2617	True	1	0.0	1.0	3.0
MonitoringTutorialDataset_1148	True	1	0.0	1.0	3.0
MonitoringTutorialDataset_1166	True	1	0.00025	0.99975	3.0
MonitoringTutorialDataset_2518	False	0	0.99531	0.00469	3.0
MonitoringTutorialDataset_0399	True	1	0.0037	0.9963	3.0
MonitoringTutorialDataset_1890	True	1	0.03924	0.96076	3.0
MonitoringTutorialDataset_1705	False	1	0.01549	0.98451	3.0
MonitoringTutorialDataset_3110	True	1	0.00029	0.99971	3.0
MonitoringTutorialDataset_3247	True	1	0.00088	0.99912	3.0
MonitoringTutorialDataset_3175	False	0	0.86506	0.13494	3.0
MonitoringTutorialDataset_1758	True	1	5e-05	0.99995	3.0
MonitoringTutorialDataset_0127	True	1	0.00129	0.99871	3.0
MonitoringTutorialDataset_4046	True	1	0.00714	0.99286	3.0
MonitoringTutorialDataset_1139	True	1	0.02406	0.97594	3.0
MonitoringTutorialDataset_0180	False	0	0.99876	0.00124	3.0
MonitoringTutorialDataset_1060	True	1	0.03238	0.96762	3.0
MonitoringTutorialDataset_0658	True	1	1e-05	0.99999	3.0
MonitoringTutorialDataset_3067	False	0	0.94645	0.05355	3.0
MonitoringTutorialDataset_3348	True	0	0.99598	0.00402	3.0
MonitoringTutorialDataset_2074	True	0	0.98012	0.01988	3.0
MonitoringTutorialDataset_1799	True	1	0.19583	0.80417	3.0
MonitoringTutorialDataset_2485	True	1	0.00036	0.99964	3.0
MonitoringTutorialDataset_2797	True	1	3e-05	0.99997	3.0
MonitoringTutorialDataset_4049	True	1	0.00029	0.99971	3.0
MonitoringTutorialDataset_0639	True	1	0.02129	0.97871	3.0
MonitoringTutorialDataset_3776	True	1	1e-05	0.99999	3.0
MonitoringTutorialDataset_1218	False	0	0.98435	0.01565	3.0
MonitoringTutorialDataset_1527	False	0	0.99921	0.00079	3.0
MonitoringTutorialDataset_3896	False	0	0.997	0.003	3.0
MonitoringTutorialDataset_1704	True	1	2e-05	0.99998	3.0
MonitoringTutorialDataset_2869	False	0	0.99998	2e-05	3.0
MonitoringTutorialDataset_0098	True	1	0.01967	0.98033	3.0
MonitoringTutorialDataset_0253	True	0	0.99891	0.00109	3.0
MonitoringTutorialDataset_1648	True	1	0.00096	0.99904	3.0
MonitoringTutorialDataset_1696	True	1	4e-05	0.99996	3.0
MonitoringTutorialDataset_3191	True	1	0.00926	0.99074	3.0
MonitoringTutorialDataset_2101	False	0	0.99382	0.00618	3.0
MonitoringTutorialDataset_2199	True	1	0.00013	0.99987	3.0
MonitoringTutorialDataset_1682	False	1	0.15599	0.84401	3.0
MonitoringTutorialDataset_1327	True	1	0.02077	0.97923	3.0
MonitoringTutorialDataset_2393	False	1	0.00283	0.99717	3.0
MonitoringTutorialDataset_1969	True	1	0.00026	0.99974	3.0
MonitoringTutorialDataset_1734	False	0	0.99156	0.00844	3.0
MonitoringTutorialDataset_3219	False	0	0.94549	0.05451	3.0
MonitoringTutorialDataset_2450	False	0	0.99881	0.00119	3.0
MonitoringTutorialDataset_2511	True	1	0.14547	0.85453	3.0
MonitoringTutorialDataset_3272	False	1	0.00517	0.99483	3.0
MonitoringTutorialDataset_1589	False	0	0.99992	8e-05	3.0
MonitoringTutorialDataset_2267	True	1	0.0	1.0	3.0
MonitoringTutorialDataset_3696	False	0	0.98465	0.01535	3.0
MonitoringTutorialDataset_1636	False	1	0.21253	0.78747	3.0
MonitoringTutorialDataset_3184	True	1	0.0	1.0	3.0
MonitoringTutorialDataset_3457	False	0	0.98815	0.01185	3.0
MonitoringTutorialDataset_1853	True	1	0.00136	0.99864	3.0
MonitoringTutorialDataset_3939	False	0	0.95306	0.04694	3.0
MonitoringTutorialDataset_0663	True	1	0.02366	0.97634	3.0
MonitoringTutorialDataset_1257	False	1	0.10288	0.89712	3.0
MonitoringTutorialDataset_0648	True	1	0.01033	0.98967	3.0
MonitoringTutorialDataset_1768	True	1	0.00362	0.99638	3.0
MonitoringTutorialDataset_3296	True	0	0.85659	0.14341	3.0
MonitoringTutorialDataset_3419	False	1	0.29793	0.70207	3.0
MonitoringTutorialDataset_1529	False	0	0.9925	0.0075	3.0
MonitoringTutorialDataset_1354	True	1	3e-05	0.99997	3.0
MonitoringTutorialDataset_1643	True	0	0.66951	0.33049	3.0
MonitoringTutorialDataset_1183	True	1	0.00936	0.99064	3.0
MonitoringTutorialDataset_1059	True	1	1e-05	0.99999	3.0
MonitoringTutorialDataset_2796	True	1	5e-05	0.99995	3.0
MonitoringTutorialDataset_1020	True	1	0.00091	0.9991	3.0
MonitoringTutorialDataset_0863	False	0	0.9999	1e-04	3.0
MonitoringTutorialDataset_3646	False	1	0.02893	0.97107	3.0
MonitoringTutorialDataset_1038	False	1	0.22373	0.77627	3.0
MonitoringTutorialDataset_0804	False	1	0.21138	0.78862	3.0
MonitoringTutorialDataset_2182	True	1	0.00936	0.99064	3.0
MonitoringTutorialDataset_0418	True	1	2e-05	0.99998	3.0
MonitoringTutorialDataset_1698	False	0	0.99988	0.00012	3.0
MonitoringTutorialDataset_0391	True	1	0.00678	0.99322	3.0
MonitoringTutorialDataset_1495	True	1	0.0	1.0	3.0
MonitoringTutorialDataset_2568	False	0	0.88455	0.11545	3.0
MonitoringTutorialDataset_3928	True	1	0.00023	0.99977	3.0
MonitoringTutorialDataset_1180	True	1	0.0	1.0	3.0
MonitoringTutorialDataset_0492	False	0	0.99907	0.00093	3.0
MonitoringTutorialDataset_0379	True	1	0.01597	0.98403	3.0
MonitoringTutorialDataset_3773	False	1	0.00087	0.99913	3.0
MonitoringTutorialDataset_1981	False	0	0.98759	0.01241	3.0
MonitoringTutorialDataset_0161	True	1	0.0	1.0	3.0
MonitoringTutorialDataset_0702	False	1	0.46073	0.53927	3.0
MonitoringTutorialDataset_0034	False	0	0.99713	0.00287	3.0
MonitoringTutorialDataset_3890	False	0	0.55397	0.44603	3.0
MonitoringTutorialDataset_3638	True	1	0.00102	0.99898	3.0
MonitoringTutorialDataset_1899	False	0	0.77419	0.22581	3.0
MonitoringTutorialDataset_3547	True	1	0.02241	0.97759	3.0
MonitoringTutorialDataset_1082	False	1	4e-05	0.99996	3.0
MonitoringTutorialDataset_0747	True	1	0.00669	0.99331	3.0
MonitoringTutorialDataset_2300	True	1	0.00037	0.99963	3.0
MonitoringTutorialDataset_3385	True	1	0.0	1.0	3.0
MonitoringTutorialDataset_1184	True	1	0.00292	0.99708	3.0
MonitoringTutorialDataset_1515	True	1	9e-05	0.99991	3.0
MonitoringTutorialDataset_3444	True	0	0.65204	0.34796	3.0
MonitoringTutorialDataset_1482	True	1	4e-05	0.99996	3.0
MonitoringTutorialDataset_3644	True	1	6e-05	0.99994	4.0
MonitoringTutorialDataset_1017	False	0	0.95097	0.04903	4.0
MonitoringTutorialDataset_2453	False	0	0.99895	0.00105	4.0
MonitoringTutorialDataset_3509	True	1	0.024	0.976	4.0
MonitoringTutorialDataset_1044	False	0	0.9834	0.0166	4.0
MonitoringTutorialDataset_1988	True	1	4e-05	0.99996	4.0
MonitoringTutorialDataset_1511	True	1	0.00056	0.99944	4.0
MonitoringTutorialDataset_0976	False	0	0.99992	8e-05	4.0
MonitoringTutorialDataset_1672	False	1	0.25001	0.74999	4.0
MonitoringTutorialDataset_2534	True	1	0.01307	0.98693	4.0
MonitoringTutorialDataset_2583	True	1	0.43226	0.56774	4.0
MonitoringTutorialDataset_0839	True	1	0.09918	0.90082	4.0
MonitoringTutorialDataset_3604	True	1	2e-05	0.99998	4.0
MonitoringTutorialDataset_3967	False	1	0.00075	0.99925	4.0
MonitoringTutorialDataset_3795	True	1	0.0	1.0	4.0
MonitoringTutorialDataset_1421	True	1	1e-05	0.99999	4.0
MonitoringTutorialDataset_1877	False	0	0.87014	0.12986	4.0
MonitoringTutorialDataset_0247	True	1	0.02113	0.97887	4.0
MonitoringTutorialDataset_2897	True	1	0.00027	0.99973	4.0
MonitoringTutorialDataset_0175	True	0	0.99228	0.00772	4.0
MonitoringTutorialDataset_3745	True	1	0.09809	0.90191	4.0
MonitoringTutorialDataset_3622	False	0	0.99432	0.00568	4.0
MonitoringTutorialDataset_0691	True	1	2e-05	0.99998	4.0
MonitoringTutorialDataset_0759	True	1	0.00014	0.99986	4.0
MonitoringTutorialDataset_3177	False	0	0.99572	0.00428	4.0
MonitoringTutorialDataset_0376	False	0	0.94584	0.05416	4.0
MonitoringTutorialDataset_3505	True	1	0.46035	0.53966	4.0
MonitoringTutorialDataset_1235	False	0	0.99916	0.00084	4.0
MonitoringTutorialDataset_0700	False	0	0.9995	0.0005	4.0
MonitoringTutorialDataset_0915	True	1	0.00026	0.99974	4.0
MonitoringTutorialDataset_1642	True	1	0.00108	0.99892	4.0
MonitoringTutorialDataset_0505	False	0	0.99988	0.00012	4.0
MonitoringTutorialDataset_2702	True	1	0.00024	0.99976	4.0
MonitoringTutorialDataset_1957	True	0	0.92911	0.07089	4.0
MonitoringTutorialDataset_3829	False	1	0.21194	0.78806	4.0
MonitoringTutorialDataset_0543	False	0	0.99942	0.00058	4.0
MonitoringTutorialDataset_2330	False	0	0.56145	0.43855	4.0
MonitoringTutorialDataset_1861	True	1	0.00274	0.99726	4.0
MonitoringTutorialDataset_0927	True	1	0.00674	0.99326	4.0
MonitoringTutorialDataset_0612	True	1	0.33648	0.66352	4.0
MonitoringTutorialDataset_0219	True	1	0.00437	0.99563	4.0
MonitoringTutorialDataset_1476	False	1	0.00146	0.99854	4.0
MonitoringTutorialDataset_1553	False	0	0.99637	0.00363	4.0
MonitoringTutorialDataset_3930	True	1	4e-05	0.99996	4.0
MonitoringTutorialDataset_1533	False	0	0.97772	0.02228	4.0
MonitoringTutorialDataset_0679	True	1	0.06145	0.93855	4.0
MonitoringTutorialDataset_3792	False	0	0.99756	0.00244	4.0
MonitoringTutorialDataset_3963	True	1	2e-05	0.99998	4.0
MonitoringTutorialDataset_0610	True	1	0.19546	0.80454	4.0
MonitoringTutorialDataset_1717	True	1	0.00499	0.99501	4.0
MonitoringTutorialDataset_3309	True	1	0.00073	0.99927	4.0
MonitoringTutorialDataset_1592	True	0	0.94583	0.05417	4.0
MonitoringTutorialDataset_0370	True	1	8e-05	0.99992	4.0
MonitoringTutorialDataset_0195	True	1	4e-05	0.99996	4.0
MonitoringTutorialDataset_1653	True	1	0.00362	0.99638	4.0
MonitoringTutorialDataset_1338	True	1	1e-05	0.99999	4.0
MonitoringTutorialDataset_2189	True	1	0.00044	0.99956	4.0
MonitoringTutorialDataset_3422	True	0	0.60128	0.39872	4.0
MonitoringTutorialDataset_1391	False	0	0.99203	0.00797	4.0
MonitoringTutorialDataset_4048	True	1	0.00176	0.99824	4.0
MonitoringTutorialDataset_3151	False	0	0.95875	0.04125	4.0
MonitoringTutorialDataset_0926	False	0	0.9874	0.0126	4.0
MonitoringTutorialDataset_2312	False	1	0.0802	0.9198	4.0
MonitoringTutorialDataset_2420	True	0	0.59466	0.40534	4.0
MonitoringTutorialDataset_1132	False	0	0.998	0.002	4.0
MonitoringTutorialDataset_1791	True	1	0.00839	0.99161	4.0
MonitoringTutorialDataset_0210	True	1	0.01521	0.98479	4.0
MonitoringTutorialDataset_2921	True	1	0.06551	0.93449	4.0
MonitoringTutorialDataset_3573	False	0	0.99825	0.00175	4.0
MonitoringTutorialDataset_1557	False	0	0.99978	0.00022	4.0
MonitoringTutorialDataset_1344	True	1	0.01038	0.98962	4.0
MonitoringTutorialDataset_3435	False	1	0.00393	0.99607	4.0
MonitoringTutorialDataset_1467	True	1	0.00122	0.99878	4.0
MonitoringTutorialDataset_1089	False	0	0.99532	0.00468	4.0
MonitoringTutorialDataset_1427	True	1	0.00957	0.99043	4.0
MonitoringTutorialDataset_1432	True	1	1e-05	0.99999	4.0
MonitoringTutorialDataset_0135	False	0	0.9976	0.0024	4.0
MonitoringTutorialDataset_1053	True	1	0.03219	0.96781	4.0
MonitoringTutorialDataset_1392	False	1	0.29752	0.70248	4.0
MonitoringTutorialDataset_3504	True	1	0.35634	0.64366	4.0
MonitoringTutorialDataset_0859	False	0	0.99929	0.00071	4.0
MonitoringTutorialDataset_3831	True	1	0.00026	0.99974	4.0
MonitoringTutorialDataset_2858	False	0	0.99123	0.00877	4.0
MonitoringTutorialDataset_2611	True	1	1e-05	0.99999	4.0
MonitoringTutorialDataset_2069	False	0	0.93469	0.06531	4.0
MonitoringTutorialDataset_1456	True	1	0.00251	0.99749	4.0
MonitoringTutorialDataset_2295	False	1	0.04026	0.95974	4.0
MonitoringTutorialDataset_2894	False	0	0.98367	0.01633	4.0
MonitoringTutorialDataset_3129	False	0	0.99868	0.00132	4.0
MonitoringTutorialDataset_1937	True	0	0.85997	0.14003	4.0
MonitoringTutorialDataset_0651	True	1	7e-05	0.99993	4.0
MonitoringTutorialDataset_2390	True	1	0.00058	0.99942	4.0
MonitoringTutorialDataset_0962	True	1	0.00022	0.99978	4.0
MonitoringTutorialDataset_2591	True	1	0.00066	0.99934	4.0
MonitoringTutorialDataset_3077	True	1	0.00053	0.99947	4.0
MonitoringTutorialDataset_1723	True	1	0.007	0.993	4.0
MonitoringTutorialDataset_2587	True	1	0.41623	0.58377	4.0
MonitoringTutorialDataset_1575	False	1	0.00037	0.99963	4.0
MonitoringTutorialDataset_2694	False	1	0.00139	0.99861	4.0
MonitoringTutorialDataset_2501	True	1	0.00096	0.99904	4.0
MonitoringTutorialDataset_3569	True	1	0.0	1.0	4.0
MonitoringTutorialDataset_0199	True	1	0.04767	0.95233	4.0
MonitoringTutorialDataset_2815	True	1	0.08425	0.91575	4.0
MonitoringTutorialDataset_0231	True	1	0.02568	0.97432	4.0
MonitoringTutorialDataset_1694	True	0	0.99047	0.00953	4.0
MonitoringTutorialDataset_3671	False	0	0.99985	0.00015	4.0
MonitoringTutorialDataset_2952	False	0	0.55802	0.44198	4.0
MonitoringTutorialDataset_2274	False	0	0.88777	0.11223	4.0
MonitoringTutorialDataset_1876	True	1	0.02752	0.97248	4.0
MonitoringTutorialDataset_2063	False	0	0.99968	0.00032	4.0
MonitoringTutorialDataset_3428	True	0	0.84378	0.15622	4.0
MonitoringTutorialDataset_0994	False	1	0.44438	0.55562	4.0
MonitoringTutorialDataset_0464	True	1	0.0	1.0	4.0
MonitoringTutorialDataset_1236	True	1	8e-05	0.99992	4.0
MonitoringTutorialDataset_3913	True	1	0.00227	0.99773	4.0
MonitoringTutorialDataset_0900	False	0	0.99996	4e-05	4.0
MonitoringTutorialDataset_0741	True	1	0.01249	0.98751	4.0
MonitoringTutorialDataset_3154	False	0	0.85587	0.14413	4.0
MonitoringTutorialDataset_3207	True	1	0.00025	0.99975	4.0
MonitoringTutorialDataset_1910	True	1	0.03822	0.96178	4.0
MonitoringTutorialDataset_1666	True	0	0.99952	0.00048	4.0
MonitoringTutorialDataset_3586	True	1	0.00231	0.99769	4.0
MonitoringTutorialDataset_3764	False	0	0.99929	0.00071	4.0
MonitoringTutorialDataset_3100	True	1	0.00064	0.99936	4.0
MonitoringTutorialDataset_3023	True	1	5e-05	0.99995	4.0
MonitoringTutorialDataset_3011	False	1	0.37995	0.62005	4.0
MonitoringTutorialDataset_3968	True	1	0.0	1.0	4.0
MonitoringTutorialDataset_3257	False	1	0.00556	0.99444	4.0
MonitoringTutorialDataset_0662	False	0	0.9822	0.0178	4.0
MonitoringTutorialDataset_1864	False	0	0.96852	0.03148	4.0
MonitoringTutorialDataset_2254	True	1	0.00199	0.99801	4.0
MonitoringTutorialDataset_1902	False	0	0.99696	0.00304	4.0
MonitoringTutorialDataset_1048	False	0	0.99556	0.00444	4.0
MonitoringTutorialDataset_1850	True	0	0.72065	0.27935	4.0
MonitoringTutorialDataset_0252	True	0	0.99715	0.00285	4.0
MonitoringTutorialDataset_2810	True	1	1e-05	0.99999	4.0
MonitoringTutorialDataset_0930	False	1	0.00196	0.99804	4.0
MonitoringTutorialDataset_1090	True	0	0.55692	0.44308	4.0
MonitoringTutorialDataset_2015	False	0	0.90545	0.09455	4.0
MonitoringTutorialDataset_0593	False	0	0.99999	1e-05	4.0
MonitoringTutorialDataset_2440	False	1	0.00104	0.99896	4.0
MonitoringTutorialDataset_2019	True	1	0.00061	0.99939	4.0
MonitoringTutorialDataset_1674	True	1	0.00023	0.99977	4.0
MonitoringTutorialDataset_2588	False	1	0.00599	0.99401	4.0
MonitoringTutorialDataset_1731	True	1	0.00072	0.99928	4.0
MonitoringTutorialDataset_1948	False	0	0.97995	0.02005	4.0
MonitoringTutorialDataset_0748	False	0	0.99285	0.00715	4.0
MonitoringTutorialDataset_2067	True	1	5e-05	0.99995	4.0
MonitoringTutorialDataset_3235	True	1	0.03003	0.96997	4.0
MonitoringTutorialDataset_3039	True	1	0.0	1.0	4.0
MonitoringTutorialDataset_1565	False	1	0.03021	0.96979	4.0
MonitoringTutorialDataset_1423	True	1	0.00039	0.99961	4.0
MonitoringTutorialDataset_2840	False	1	0.02264	0.97736	4.0
MonitoringTutorialDataset_0632	False	0	0.9991	0.0009	4.0
MonitoringTutorialDataset_0445	True	1	0.00017	0.99983	4.0
MonitoringTutorialDataset_2148	True	1	0.0	1.0	4.0
MonitoringTutorialDataset_0353	True	1	0.05359	0.94641	4.0
MonitoringTutorialDataset_1232	True	1	0.0	1.0	4.0
MonitoringTutorialDataset_3902	True	1	9e-05	0.99991	4.0
MonitoringTutorialDataset_2686	True	1	2e-05	0.99998	4.0
MonitoringTutorialDataset_2579	False	0	0.84739	0.15261	4.0
MonitoringTutorialDataset_3993	False	1	0.0467	0.9533	4.0
MonitoringTutorialDataset_1979	True	1	0.12998	0.87002	4.0
MonitoringTutorialDataset_4025	True	1	0.0262	0.9738	4.0
MonitoringTutorialDataset_1714	True	0	0.97611	0.02389	4.0
MonitoringTutorialDataset_0424	True	1	1e-05	0.99999	4.0
MonitoringTutorialDataset_1093	False	0	0.99575	0.00425	4.0
MonitoringTutorialDataset_0647	True	1	1e-05	1.0	4.0
MonitoringTutorialDataset_2396	False	0	0.99887	0.00113	4.0
MonitoringTutorialDataset_3618	True	1	0.00297	0.99703	4.0
MonitoringTutorialDataset_2398	True	1	0.00781	0.99219	4.0
MonitoringTutorialDataset_2600	True	1	0.00033	0.99967	4.0
MonitoringTutorialDataset_3932	True	1	0.00033	0.99967	4.0
MonitoringTutorialDataset_1249	True	1	0.00096	0.99904	4.0
MonitoringTutorialDataset_3480	True	1	0.00206	0.99794	4.0
MonitoringTutorialDataset_0719	True	1	0.03505	0.96495	4.0
MonitoringTutorialDataset_0151	False	0	0.99288	0.00712	4.0
MonitoringTutorialDataset_2213	True	1	0.00344	0.99656	4.0
MonitoringTutorialDataset_3042	True	0	0.71035	0.28965	4.0
MonitoringTutorialDataset_1660	True	1	0.00092	0.99908	4.0
MonitoringTutorialDataset_3865	False	0	0.93481	0.06519	4.0
MonitoringTutorialDataset_3545	True	1	0.0526	0.9474	4.0
MonitoringTutorialDataset_2892	False	1	0.14465	0.85535	4.0
MonitoringTutorialDataset_1385	True	1	3e-05	0.99997	4.0
MonitoringTutorialDataset_1195	False	0	0.99999	1e-05	4.0
MonitoringTutorialDataset_1475	False	0	0.99964	0.00036	4.0
MonitoringTutorialDataset_2902	True	1	5e-05	0.99995	4.0
MonitoringTutorialDataset_2461	False	0	0.94416	0.05584	4.0
MonitoringTutorialDataset_1374	True	1	0.00447	0.99553	4.0
MonitoringTutorialDataset_0349	False	1	0.34198	0.65802	4.0
MonitoringTutorialDataset_1368	False	0	0.99983	0.00017	4.0
MonitoringTutorialDataset_1179	True	1	0.1456	0.8544	4.0
MonitoringTutorialDataset_1926	True	1	0.00066	0.99934	4.0
MonitoringTutorialDataset_2303	False	0	0.99562	0.00438	4.0
MonitoringTutorialDataset_2422	True	1	0.00044	0.99956	4.0
MonitoringTutorialDataset_3661	True	1	0.1418	0.8582	4.0
MonitoringTutorialDataset_0140	True	1	0.05887	0.94113	4.0
MonitoringTutorialDataset_2242	False	0	0.99396	0.00604	4.0
MonitoringTutorialDataset_1004	False	0	0.99982	0.00018	4.0
MonitoringTutorialDataset_0342	True	1	1e-05	0.99999	4.0
MonitoringTutorialDataset_3945	True	1	0.02176	0.97824	4.0
MonitoringTutorialDataset_2487	True	1	0.45985	0.54015	4.0
MonitoringTutorialDataset_2354	True	1	3e-05	0.99997	4.0
MonitoringTutorialDataset_3639	False	0	0.99967	0.00033	4.0
MonitoringTutorialDataset_0084	True	1	0.02765	0.97235	4.0
MonitoringTutorialDataset_3299	True	0	0.57174	0.42826	4.0
MonitoringTutorialDataset_0961	False	0	0.99939	0.00061	4.0
MonitoringTutorialDataset_3546	True	1	0.0	1.0	4.0
MonitoringTutorialDataset_0290	True	1	0.00011	0.99989	4.0
MonitoringTutorialDataset_3415	True	1	0.0044	0.9956	4.0
MonitoringTutorialDataset_3690	True	1	0.05237	0.94763	4.0
MonitoringTutorialDataset_1624	True	1	0.14979	0.85021	4.0
MonitoringTutorialDataset_3274	True	1	0.00047	0.99953	4.0
MonitoringTutorialDataset_2498	False	1	0.01213	0.98787	4.0
MonitoringTutorialDataset_0584	False	1	0.02227	0.97773	4.0
MonitoringTutorialDataset_2500	True	1	2e-05	0.99998	4.0
MonitoringTutorialDataset_2728	False	0	0.9844	0.0156	4.0
MonitoringTutorialDataset_3265	True	1	0.14099	0.85901	4.0
MonitoringTutorialDataset_2356	True	0	0.9948	0.0052	4.0
MonitoringTutorialDataset_1310	True	1	0.03894	0.96106	4.0
MonitoringTutorialDataset_0800	True	1	0.00046	0.99954	4.0
MonitoringTutorialDataset_0344	False	1	0.04533	0.95467	4.0
MonitoringTutorialDataset_3008	False	1	0.29184	0.70816	4.0
MonitoringTutorialDataset_1671	True	1	0.0	1.0	4.0
MonitoringTutorialDataset_3139	True	1	0.00035	0.99965	4.0
MonitoringTutorialDataset_1437	True	1	5e-05	0.99995	4.0
MonitoringTutorialDataset_3014	True	1	1e-05	0.99999	4.0
MonitoringTutorialDataset_1241	True	1	0.00066	0.99934	4.0
MonitoringTutorialDataset_1142	True	1	0.41894	0.58106	4.0
MonitoringTutorialDataset_2460	True	1	0.0	1.0	4.0
MonitoringTutorialDataset_1825	False	0	0.99884	0.00116	4.0
MonitoringTutorialDataset_2789	True	1	2e-05	0.99998	4.0
MonitoringTutorialDataset_3532	False	0	0.98528	0.01472	4.0
MonitoringTutorialDataset_1014	True	1	0.00454	0.99546	4.0
MonitoringTutorialDataset_0150	False	1	0.35483	0.64517	4.0
MonitoringTutorialDataset_1451	False	1	0.15291	0.84709	4.0
MonitoringTutorialDataset_2991	True	1	0.01065	0.98935	4.0
MonitoringTutorialDataset_1208	False	0	0.99337	0.00663	4.0
MonitoringTutorialDataset_2044	False	0	0.99855	0.00145	4.0
MonitoringTutorialDataset_0690	True	1	0.00332	0.99668	4.0
MonitoringTutorialDataset_3001	True	1	0.00031	0.99969	4.0
MonitoringTutorialDataset_2813	True	1	0.00059	0.99941	4.0
MonitoringTutorialDataset_0118	False	0	0.99308	0.00692	4.0
MonitoringTutorialDataset_1024	False	0	0.98148	0.01852	4.0
MonitoringTutorialDataset_0281	False	0	0.99973	0.00027	4.0
MonitoringTutorialDataset_2392	False	0	0.99969	0.00031	4.0
MonitoringTutorialDataset_1316	False	0	0.98726	0.01274	4.0
MonitoringTutorialDataset_2358	False	1	0.00026	0.99974	4.0
MonitoringTutorialDataset_2003	False	0	0.9996	0.0004	4.0
MonitoringTutorialDataset_0861	False	1	0.01281	0.98719	4.0
MonitoringTutorialDataset_2566	True	1	0.00134	0.99866	4.0
MonitoringTutorialDataset_3800	True	1	0.0	1.0	4.0
MonitoringTutorialDataset_4019	True	1	2e-05	0.99998	4.0
MonitoringTutorialDataset_2123	False	0	0.99133	0.00867	4.0
MonitoringTutorialDataset_3383	False	1	0.00023	0.99977	4.0
MonitoringTutorialDataset_2071	False	0	0.99837	0.00163	4.0
MonitoringTutorialDataset_1977	True	1	0.00079	0.99921	4.0
MonitoringTutorialDataset_0158	True	1	0.0	1.0	4.0
MonitoringTutorialDataset_0902	False	1	0.16885	0.83115	4.0
MonitoringTutorialDataset_0754	False	0	0.99828	0.00172	4.0
MonitoringTutorialDataset_2946	False	1	0.00089	0.99911	4.0
MonitoringTutorialDataset_0873	True	1	0.3805	0.6195	4.0
MonitoringTutorialDataset_3259	True	1	0.0	1.0	4.0
MonitoringTutorialDataset_1925	True	0	0.99969	0.00031	4.0
MonitoringTutorialDataset_3750	True	1	0.01984	0.98016	4.0
MonitoringTutorialDataset_3025	False	0	0.99358	0.00642	4.0
MonitoringTutorialDataset_3623	False	0	0.76531	0.23469	4.0
MonitoringTutorialDataset_3862	True	1	0.01325	0.98675	4.0
MonitoringTutorialDataset_1951	True	0	0.89814	0.10186	4.0
MonitoringTutorialDataset_2979	False	1	1e-04	0.9999	4.0
MonitoringTutorialDataset_2552	True	1	1e-05	0.99999	4.0
MonitoringTutorialDataset_2403	True	1	0.47268	0.52732	4.0
MonitoringTutorialDataset_1343	True	1	0.00082	0.99918	4.0
MonitoringTutorialDataset_3723	True	1	0.39309	0.60691	4.0
MonitoringTutorialDataset_1559	False	1	0.20515	0.79485	4.0
MonitoringTutorialDataset_4040	False	0	0.99987	0.00013	4.0
MonitoringTutorialDataset_1050	True	1	0.00071	0.99929	4.0
MonitoringTutorialDataset_0590	True	1	1e-04	0.9999	4.0
MonitoringTutorialDataset_0083	True	1	0.10848	0.89152	4.0
MonitoringTutorialDataset_1562	False	1	0.02364	0.97636	4.0
MonitoringTutorialDataset_0973	True	1	0.05133	0.94867	4.0
MonitoringTutorialDataset_1710	False	1	0.02508	0.97492	4.0
MonitoringTutorialDataset_2798	True	1	7e-05	0.99993	4.0
MonitoringTutorialDataset_2741	True	1	0.0273	0.9727	4.0
MonitoringTutorialDataset_2571	True	1	0.00154	0.99846	4.0
MonitoringTutorialDataset_1245	True	1	6e-05	0.99994	4.0
MonitoringTutorialDataset_0571	False	0	0.97919	0.02081	4.0
MonitoringTutorialDataset_2313	True	1	1e-05	0.99999	4.0
MonitoringTutorialDataset_0585	True	1	0.00783	0.99217	4.0
MonitoringTutorialDataset_1349	False	0	0.99877	0.00123	4.0
MonitoringTutorialDataset_3226	True	1	0.00014	0.99986	4.0
MonitoringTutorialDataset_3367	False	0	0.99996	4e-05	4.0
MonitoringTutorialDataset_1247	True	0	0.78739	0.21261	4.0
MonitoringTutorialDataset_2012	False	0	0.80037	0.19963	4.0
MonitoringTutorialDataset_0425	False	0	0.60169	0.39831	4.0
MonitoringTutorialDataset_2761	True	1	0.0033	0.9967	4.0
MonitoringTutorialDataset_3679	False	0	0.70289	0.29711	4.0
MonitoringTutorialDataset_1285	True	1	0.00098	0.99902	4.0
MonitoringTutorialDataset_2542	True	1	0.00293	0.99707	4.0
MonitoringTutorialDataset_3254	True	1	0.12357	0.87643	4.0
MonitoringTutorialDataset_2162	True	0	0.74098	0.25902	4.0
MonitoringTutorialDataset_2446	False	0	0.99198	0.00802	4.0
MonitoringTutorialDataset_2271	False	0	0.99972	0.00028	4.0
MonitoringTutorialDataset_1137	False	0	0.998	0.002	4.0
MonitoringTutorialDataset_3856	True	1	0.01117	0.98883	4.0
MonitoringTutorialDataset_1199	True	1	3e-05	0.99997	4.0
MonitoringTutorialDataset_0037	True	0	0.9593	0.0407	4.0
MonitoringTutorialDataset_0039	True	0	0.98446	0.01554	4.0
MonitoringTutorialDataset_2781	True	1	0.00449	0.99551	4.0
MonitoringTutorialDataset_0849	False	1	0.37129	0.62871	4.0
MonitoringTutorialDataset_2452	False	0	0.99758	0.00242	4.0
MonitoringTutorialDataset_3929	False	0	0.54038	0.45962	4.0
MonitoringTutorialDataset_3648	True	1	0.00013	0.99987	4.0
MonitoringTutorialDataset_1607	True	1	1e-05	0.99999	4.0
MonitoringTutorialDataset_2769	True	1	0.0708	0.9292	4.0
MonitoringTutorialDataset_1463	True	1	0.0008	0.9992	4.0
MonitoringTutorialDataset_4010	False	1	0.23029	0.76971	4.0
MonitoringTutorialDataset_0271	True	1	0.0002	0.9998	4.0
MonitoringTutorialDataset_0476	True	1	0.0004	0.9996	4.0
MonitoringTutorialDataset_2032	False	1	0.33869	0.66131	4.0
MonitoringTutorialDataset_0813	False	0	0.99983	0.00017	4.0
MonitoringTutorialDataset_1914	True	1	3e-05	0.99997	4.0
MonitoringTutorialDataset_3438	False	0	0.86771	0.13229	4.0
MonitoringTutorialDataset_1804	False	0	0.99908	0.00092	4.0
MonitoringTutorialDataset_0310	True	0	0.99961	0.00039	4.0
MonitoringTutorialDataset_3574	True	1	0.00067	0.99933	4.0
MonitoringTutorialDataset_2847	False	0	0.99626	0.00374	4.0
MonitoringTutorialDataset_0401	True	1	0.0161	0.9839	4.0
MonitoringTutorialDataset_2419	True	0	0.86188	0.13812	4.0
MonitoringTutorialDataset_2684	False	1	0.16546	0.83454	4.0
MonitoringTutorialDataset_0710	False	1	0.0016	0.9984	4.0
MonitoringTutorialDataset_2659	False	1	0.00019	0.99981	4.0
MonitoringTutorialDataset_3521	False	1	0.32256	0.67744	4.0
MonitoringTutorialDataset_1561	True	1	0.00098	0.99902	4.0
MonitoringTutorialDataset_3416	False	0	0.99998	2e-05	4.0
MonitoringTutorialDataset_1112	True	1	0.00046	0.99954	4.0
MonitoringTutorialDataset_4031	True	1	0.00931	0.99069	4.0
MonitoringTutorialDataset_2421	True	1	0.0	1.0	4.0
MonitoringTutorialDataset_1508	True	1	0.02442	0.97558	4.0
MonitoringTutorialDataset_3410	True	0	0.85915	0.14085	4.0
MonitoringTutorialDataset_2627	False	0	0.99985	0.00015	4.0
MonitoringTutorialDataset_2530	True	0	0.9939	0.0061	4.0
MonitoringTutorialDataset_2322	True	1	0.0	1.0	4.0
MonitoringTutorialDataset_4062	True	1	0.00016	0.99984	4.0
MonitoringTutorialDataset_2978	True	1	0.00017	0.99983	4.0
MonitoringTutorialDataset_2582	False	0	0.99629	0.00371	4.0
MonitoringTutorialDataset_2120	True	1	0.01705	0.98295	4.0
MonitoringTutorialDataset_1762	False	0	0.9944	0.0056	4.0
MonitoringTutorialDataset_3761	True	0	0.62523	0.37477	4.0
MonitoringTutorialDataset_2667	False	0	0.99972	0.00028	4.0
MonitoringTutorialDataset_2315	False	1	0.20876	0.79124	4.0
MonitoringTutorialDataset_3857	True	1	0.00682	0.99318	4.0
MonitoringTutorialDataset_1622	False	0	0.87036	0.12964	4.0
MonitoringTutorialDataset_0587	False	0	0.99998	2e-05	4.0
MonitoringTutorialDataset_2609	True	0	0.99919	0.00081	4.0
MonitoringTutorialDataset_1301	True	0	0.58813	0.41187	4.0
MonitoringTutorialDataset_2106	True	1	0.32705	0.67295	4.0
MonitoringTutorialDataset_0592	True	1	0.04422	0.95578	4.0
MonitoringTutorialDataset_2636	True	1	5e-05	0.99995	4.0
MonitoringTutorialDataset_3788	True	1	2e-05	0.99998	4.0
MonitoringTutorialDataset_3228	True	1	1e-05	0.99999	4.0
MonitoringTutorialDataset_3221	False	1	0.16222	0.83778	4.0
MonitoringTutorialDataset_0745	False	0	0.99155	0.00845	4.0
MonitoringTutorialDataset_0513	True	1	1e-05	0.99999	4.0
MonitoringTutorialDataset_0914	False	0	0.99933	0.00067	4.0
MonitoringTutorialDataset_0329	True	1	0.00239	0.99761	4.0
MonitoringTutorialDataset_2516	False	0	0.95079	0.04921	4.0
MonitoringTutorialDataset_1523	False	0	0.93023	0.06977	4.0
MonitoringTutorialDataset_2538	True	1	0.06307	0.93693	4.0
MonitoringTutorialDataset_1111	False	0	0.77702	0.22298	4.0
MonitoringTutorialDataset_0327	True	0	0.52187	0.47813	4.0
MonitoringTutorialDataset_1481	True	1	0.0	1.0	4.0
MonitoringTutorialDataset_0799	False	0	0.99776	0.00224	4.0
MonitoringTutorialDataset_2909	False	0	0.9974	0.0026	4.0
MonitoringTutorialDataset_0768	True	0	0.55133	0.44867	4.0
MonitoringTutorialDataset_0722	True	1	0.00024	0.99976	4.0
MonitoringTutorialDataset_0966	True	1	0.01185	0.98815	4.0
MonitoringTutorialDataset_0661	True	1	7e-05	0.99992	4.0
MonitoringTutorialDataset_1879	True	1	0.00031	0.99969	4.0
MonitoringTutorialDataset_1203	True	0	0.83243	0.16757	4.0
MonitoringTutorialDataset_3823	False	1	0.01338	0.98662	4.0
MonitoringTutorialDataset_0875	False	1	0.3168	0.6832	4.0
MonitoringTutorialDataset_2394	False	1	0.45512	0.54488	4.0
MonitoringTutorialDataset_0385	False	0	0.99993	7e-05	4.0
MonitoringTutorialDataset_0935	True	1	0.05723	0.94277	4.0
MonitoringTutorialDataset_3275	True	0	0.9894	0.0106	4.0
MonitoringTutorialDataset_1013	False	0	0.99958	0.00042	4.0
MonitoringTutorialDataset_1928	True	0	0.51807	0.48193	4.0
MonitoringTutorialDataset_1834	True	1	0.49747	0.50253	4.0
MonitoringTutorialDataset_2674	True	1	0.00025	0.99975	4.0
MonitoringTutorialDataset_0094	False	0	0.99963	0.00037	4.0
MonitoringTutorialDataset_3105	True	1	0.00638	0.99362	4.0
MonitoringTutorialDataset_2645	True	1	0.00534	0.99466	4.0
MonitoringTutorialDataset_2204	True	1	0.00065	0.99935	4.0
MonitoringTutorialDataset_0419	False	0	0.71525	0.28475	4.0
MonitoringTutorialDataset_2035	False	1	0.02478	0.97522	4.0
MonitoringTutorialDataset_3770	False	0	0.99866	0.00134	4.0
MonitoringTutorialDataset_2151	False	0	0.88259	0.11741	4.0
MonitoringTutorialDataset_2190	True	1	0.0	1.0	4.0
MonitoringTutorialDataset_3974	False	0	0.99235	0.00765	4.0
MonitoringTutorialDataset_1908	False	1	0.21459	0.78541	4.0
MonitoringTutorialDataset_3115	False	0	0.81523	0.18477	4.0
MonitoringTutorialDataset_3462	False	0	0.98037	0.01963	4.0
MonitoringTutorialDataset_3074	False	1	0.40308	0.59692	4.0
MonitoringTutorialDataset_2060	False	0	0.9965	0.0035	4.0
MonitoringTutorialDataset_3179	True	1	0.0003	0.9997	4.0
MonitoringTutorialDataset_2039	True	1	0.01573	0.98427	4.0
MonitoringTutorialDataset_2306	True	0	0.99632	0.00368	4.0
MonitoringTutorialDataset_1917	False	1	0.00011	0.99989	4.0
MonitoringTutorialDataset_1573	True	1	1e-04	0.9999	4.0
MonitoringTutorialDataset_3626	True	1	0.00023	0.99977	4.0
MonitoringTutorialDataset_2187	True	1	0.46653	0.53347	4.0
MonitoringTutorialDataset_2883	False	0	0.99837	0.00163	4.0
MonitoringTutorialDataset_2373	False	1	0.08948	0.91052	4.0
MonitoringTutorialDataset_1458	False	1	0.29027	0.70973	4.0
MonitoringTutorialDataset_1870	True	1	0.00012	0.99988	4.0
MonitoringTutorialDataset_2595	False	0	0.99757	0.00243	4.0
MonitoringTutorialDataset_2739	False	0	0.99993	7e-05	4.0
MonitoringTutorialDataset_2642	True	1	0.05207	0.94793	4.0
MonitoringTutorialDataset_0622	True	1	0.4606	0.5394	4.0
MonitoringTutorialDataset_1493	False	0	0.99719	0.00281	4.0
MonitoringTutorialDataset_3063	False	0	0.99996	4e-05	4.0
MonitoringTutorialDataset_0125	False	1	0.08825	0.91175	4.0
MonitoringTutorialDataset_1976	True	1	0.0097	0.9903	4.0
MonitoringTutorialDataset_3098	False	0	0.79199	0.20801	4.0
MonitoringTutorialDataset_2713	False	0	0.98622	0.01378	4.0
MonitoringTutorialDataset_0302	True	1	0.00949	0.99051	4.0
MonitoringTutorialDataset_2055	True	1	1e-05	0.99999	4.0
MonitoringTutorialDataset_1280	True	1	1e-05	0.99999	4.0
MonitoringTutorialDataset_2851	True	1	0.00023	0.99977	4.0
MonitoringTutorialDataset_1049	False	1	0.00158	0.99842	4.0
MonitoringTutorialDataset_2397	True	1	0.00024	0.99976	4.0
MonitoringTutorialDataset_2286	False	0	0.98561	0.01439	4.0
MonitoringTutorialDataset_1753	True	1	0.00014	0.99986	4.0
MonitoringTutorialDataset_3070	True	1	0.0	1.0	4.0
MonitoringTutorialDataset_2581	True	0	0.99957	0.00043	4.0
MonitoringTutorialDataset_1887	False	0	0.99904	0.00096	4.0
MonitoringTutorialDataset_1719	True	0	0.83653	0.16347	4.0
MonitoringTutorialDataset_0359	True	0	0.91992	0.08008	4.0
MonitoringTutorialDataset_2593	False	0	0.99985	0.00015	4.0
MonitoringTutorialDataset_3086	True	1	0.0	1.0	4.0
MonitoringTutorialDataset_2128	False	0	0.95919	0.04081	4.0
MonitoringTutorialDataset_0758	False	1	0.01608	0.98392	4.0
MonitoringTutorialDataset_1019	True	1	0.00069	0.99931	4.0
MonitoringTutorialDataset_1358	True	1	4e-05	0.99996	4.0
MonitoringTutorialDataset_2845	True	1	0.04943	0.95057	4.0
MonitoringTutorialDataset_1848	False	0	0.99617	0.00383	4.0
MonitoringTutorialDataset_1984	True	1	9e-05	0.99991	4.0
MonitoringTutorialDataset_0267	True	1	0.00133	0.99867	4.0
MonitoringTutorialDataset_0673	True	1	0.0	1.0	4.0
MonitoringTutorialDataset_3554	False	0	0.99925	0.00075	4.0
MonitoringTutorialDataset_3871	False	1	0.02961	0.97039	4.0
MonitoringTutorialDataset_3816	False	0	0.73364	0.26636	4.0
MonitoringTutorialDataset_3044	True	1	0.35642	0.64358	4.0
MonitoringTutorialDataset_3094	True	0	0.99704	0.00296	4.0
MonitoringTutorialDataset_1668	False	0	0.68956	0.31044	4.0
MonitoringTutorialDataset_3519	True	1	0.00134	0.99866	4.0
MonitoringTutorialDataset_0688	True	1	0.00128	0.99872	4.0
MonitoringTutorialDataset_0223	True	1	0.20244	0.79756	4.0
MonitoringTutorialDataset_2871	True	0	0.99848	0.00152	4.0
MonitoringTutorialDataset_2497	False	0	0.96591	0.03409	4.0
MonitoringTutorialDataset_2930	True	1	0.00924	0.99076	4.0
MonitoringTutorialDataset_0868	True	0	0.63436	0.36564	4.0
MonitoringTutorialDataset_2779	True	1	0.00021	0.99979	4.0
MonitoringTutorialDataset_2745	False	0	0.9994	0.0006	4.0
MonitoringTutorialDataset_1371	True	1	1e-05	0.99999	4.0
MonitoringTutorialDataset_1031	False	1	1e-05	0.99999	4.0
MonitoringTutorialDataset_0667	True	1	0.00017	0.99983	4.0
MonitoringTutorialDataset_0133	True	1	3e-05	0.99997	4.0
MonitoringTutorialDataset_1531	True	1	0.00075	0.99925	4.0
MonitoringTutorialDataset_1214	True	1	0.00048	0.99952	4.0
MonitoringTutorialDataset_0504	True	1	0.06627	0.93373	4.0
MonitoringTutorialDataset_4033	False	0	0.98933	0.01067	4.0
MonitoringTutorialDataset_3970	False	0	0.97411	0.02589	4.0
MonitoringTutorialDataset_2523	False	1	0.04251	0.95749	4.0
MonitoringTutorialDataset_3405	False	0	0.97399	0.02601	4.0
MonitoringTutorialDataset_0652	False	1	0.01277	0.98723	4.0
MonitoringTutorialDataset_4021	True	1	0.00139	0.99861	4.0
MonitoringTutorialDataset_0713	True	1	0.00296	0.99704	4.0
MonitoringTutorialDataset_1217	False	0	0.99949	0.00051	4.0
MonitoringTutorialDataset_3414	False	0	0.82261	0.17739	4.0
MonitoringTutorialDataset_3301	True	1	0.0	1.0	4.0
MonitoringTutorialDataset_2539	True	1	0.00325	0.99675	4.0
MonitoringTutorialDataset_0953	True	1	0.00027	0.99973	4.0
MonitoringTutorialDataset_1156	False	0	0.91187	0.08813	4.0
MonitoringTutorialDataset_3441	True	1	0.00361	0.99639	4.0
MonitoringTutorialDataset_2616	False	0	0.91294	0.08706	4.0
MonitoringTutorialDataset_3350	True	1	0.08992	0.91008	4.0
MonitoringTutorialDataset_3140	True	0	0.9999	1e-04	4.0
MonitoringTutorialDataset_0884	True	0	0.99927	0.00073	4.0
MonitoringTutorialDataset_4003	True	1	0.01537	0.98463	4.0
MonitoringTutorialDataset_0850	True	1	7e-05	0.99993	4.0
MonitoringTutorialDataset_2492	True	1	0.0	1.0	4.0
MonitoringTutorialDataset_3801	False	1	0.00622	0.99378	4.0
MonitoringTutorialDataset_1365	True	1	0.04906	0.95094	4.0
MonitoringTutorialDataset_1296	True	1	0.00045	0.99955	4.0
MonitoringTutorialDataset_0872	False	0	0.8325	0.1675	4.0
MonitoringTutorialDataset_3466	True	1	5e-05	0.99995	4.0
MonitoringTutorialDataset_0977	True	1	0.0008	0.9992	4.0
MonitoringTutorialDataset_1571	False	0	0.9999	1e-04	4.0
MonitoringTutorialDataset_1122	False	1	0.0003	0.9997	4.0
MonitoringTutorialDataset_0675	True	0	0.58905	0.41095	4.0
MonitoringTutorialDataset_3647	False	1	0.00072	0.99928	4.0
MonitoringTutorialDataset_0728	True	1	1e-05	0.99999	4.0
MonitoringTutorialDataset_1516	True	1	1e-05	0.99999	4.0
MonitoringTutorialDataset_1440	False	0	0.99244	0.00756	4.0
MonitoringTutorialDataset_2427	True	1	0.26675	0.73325	4.0
MonitoringTutorialDataset_2305	False	1	0.00058	0.99942	4.0
MonitoringTutorialDataset_1782	False	0	0.99923	0.00077	4.0
MonitoringTutorialDataset_3087	False	0	0.83333	0.16667	4.0
MonitoringTutorialDataset_0515	True	1	0.00034	0.99966	4.0
MonitoringTutorialDataset_3251	False	0	0.9256	0.0744	4.0
MonitoringTutorialDataset_1312	False	1	0.1509	0.8491	4.0
MonitoringTutorialDataset_2521	True	1	0.00293	0.99707	4.0
MonitoringTutorialDataset_3630	True	1	0.00027	0.99973	4.0
MonitoringTutorialDataset_3782	True	1	0.46765	0.53235	4.0
MonitoringTutorialDataset_0512	True	1	1e-05	0.99999	4.0
MonitoringTutorialDataset_1931	False	0	0.9951	0.0049	4.0
MonitoringTutorialDataset_1810	True	1	0.16562	0.83438	4.0
MonitoringTutorialDataset_0830	False	0	0.99534	0.00466	4.0
MonitoringTutorialDataset_0119	True	1	0.00192	0.99808	4.0
MonitoringTutorialDataset_0656	True	1	0.00041	0.99959	4.0
MonitoringTutorialDataset_3657	True	1	6e-05	0.99994	4.0
MonitoringTutorialDataset_0635	True	1	6e-05	0.99994	4.0
MonitoringTutorialDataset_2983	True	1	0.00021	0.99979	4.0
MonitoringTutorialDataset_2914	True	1	0.07468	0.92532	4.0
MonitoringTutorialDataset_2491	True	1	0.0146	0.9854	4.0
MonitoringTutorialDataset_2197	False	0	0.99782	0.00218	4.0
MonitoringTutorialDataset_3261	False	1	0.00527	0.99473	4.0
MonitoringTutorialDataset_0574	False	1	0.07377	0.92623	4.0
MonitoringTutorialDataset_0050	True	1	1e-05	0.99999	4.0
MonitoringTutorialDataset_0853	True	1	0.06945	0.93055	4.0
MonitoringTutorialDataset_1982	True	1	1e-05	0.99999	4.0
MonitoringTutorialDataset_1823	False	0	0.80739	0.19261	4.0
MonitoringTutorialDataset_0833	True	1	0.0	1.0	4.0
MonitoringTutorialDataset_3425	True	0	0.95923	0.04077	4.0
MonitoringTutorialDataset_0971	True	1	0.16891	0.83109	4.0
MonitoringTutorialDataset_2559	True	1	0.00074	0.99926	4.0
MonitoringTutorialDataset_0019	False	1	0.42574	0.57426	4.0
MonitoringTutorialDataset_3464	True	1	0.0	1.0	4.0
MonitoringTutorialDataset_0784	True	1	0.00021	0.99979	4.0
MonitoringTutorialDataset_3009	True	1	0.00094	0.99906	4.0
MonitoringTutorialDataset_1686	True	1	0.00101	0.99899	4.0
MonitoringTutorialDataset_0625	True	1	2e-05	0.99998	4.0
MonitoringTutorialDataset_1346	False	1	0.00087	0.99913	4.0
MonitoringTutorialDataset_3987	True	1	0.0	1.0	4.0
MonitoringTutorialDataset_2006	True	0	0.98618	0.01382	4.0
MonitoringTutorialDataset_0992	False	0	0.9985	0.0015	4.0
MonitoringTutorialDataset_0699	True	1	0.00011	0.99989	4.0
MonitoringTutorialDataset_3710	False	0	0.6562	0.3438	4.0
MonitoringTutorialDataset_0606	False	1	6e-05	0.99994	4.0
MonitoringTutorialDataset_2544	True	1	1e-05	0.99999	4.0
MonitoringTutorialDataset_3835	True	1	0.008	0.992	4.0
MonitoringTutorialDataset_4066	False	0	0.99996	4e-05	4.0
MonitoringTutorialDataset_1069	True	1	0.0011	0.9989	4.0
MonitoringTutorialDataset_2524	True	1	0.0	1.0	4.0
MonitoringTutorialDataset_3243	True	1	0.03217	0.96783	4.0
MonitoringTutorialDataset_3716	False	0	0.90326	0.09674	4.0
MonitoringTutorialDataset_1045	True	0	0.98866	0.01134	4.0
MonitoringTutorialDataset_3918	True	1	0.0	1.0	4.0
MonitoringTutorialDataset_1415	True	1	0.00749	0.99251	4.0
MonitoringTutorialDataset_0956	True	1	0.00365	0.99635	4.0
MonitoringTutorialDataset_2961	True	1	0.00092	0.99908	4.0
MonitoringTutorialDataset_1445	False	0	0.84852	0.15148	4.0
MonitoringTutorialDataset_0403	True	1	0.01241	0.98759	4.0
MonitoringTutorialDataset_0880	False	1	0.31411	0.68589	4.0
MonitoringTutorialDataset_3966	False	1	0.00486	0.99514	4.0
MonitoringTutorialDataset_0262	True	1	0.08529	0.91471	4.0
MonitoringTutorialDataset_1634	True	1	6e-05	0.99994	4.0
MonitoringTutorialDataset_0640	False	0	0.99958	0.00042	4.0
MonitoringTutorialDataset_1959	False	0	0.97935	0.02065	4.0
MonitoringTutorialDataset_0146	True	1	1e-05	0.99999	4.0
MonitoringTutorialDataset_2811	False	0	0.99351	0.00649	4.0
MonitoringTutorialDataset_0659	False	1	0.18457	0.81543	4.0
MonitoringTutorialDataset_0186	True	0	0.98308	0.01692	4.0
MonitoringTutorialDataset_1147	True	1	0.00251	0.99749	4.0
MonitoringTutorialDataset_2799	False	0	0.98944	0.01056	4.0
MonitoringTutorialDataset_0293	True	1	0.45808	0.54192	4.0
MonitoringTutorialDataset_3980	False	0	0.99265	0.00735	4.0
MonitoringTutorialDataset_1153	False	0	0.99997	3e-05	4.0
MonitoringTutorialDataset_3826	True	1	3e-05	0.99997	4.0
MonitoringTutorialDataset_1759	True	1	0.00012	0.99988	4.0
MonitoringTutorialDataset_3763	True	1	0.00945	0.99055	4.0
MonitoringTutorialDataset_1631	True	0	0.73106	0.26894	4.0
MonitoringTutorialDataset_3743	True	1	0.00097	0.99903	4.0
MonitoringTutorialDataset_3445	True	1	0.00024	0.99976	4.0
MonitoringTutorialDataset_1998	False	0	1.0	0.0	4.0
MonitoringTutorialDataset_0709	False	0	0.99047	0.00953	4.0
MonitoringTutorialDataset_3430	True	1	0.00011	0.99989	4.0
MonitoringTutorialDataset_2675	True	0	0.53971	0.46029	4.0
MonitoringTutorialDataset_1400	False	0	0.74115	0.25885	4.0
MonitoringTutorialDataset_3302	False	0	0.98385	0.01615	4.0
MonitoringTutorialDataset_2729	False	1	0.00014	0.99986	4.0
MonitoringTutorialDataset_1819	False	0	0.92739	0.07261	4.0
MonitoringTutorialDataset_3157	False	0	0.97984	0.02016	4.0
MonitoringTutorialDataset_1722	True	1	0.01142	0.98858	4.0
MonitoringTutorialDataset_2572	False	0	0.94898	0.05102	4.0
MonitoringTutorialDataset_3242	False	0	0.9751	0.0249	4.0
MonitoringTutorialDataset_1757	False	0	0.99816	0.00184	4.0
MonitoringTutorialDataset_3312	False	0	0.98144	0.01856	4.0
MonitoringTutorialDataset_1881	True	1	0.25737	0.74263	4.0
MonitoringTutorialDataset_0206	True	1	0.00034	0.99966	4.0
MonitoringTutorialDataset_0392	False	0	0.96518	0.03482	4.0
MonitoringTutorialDataset_0960	False	0	0.96927	0.03073	4.0
MonitoringTutorialDataset_2773	True	0	0.98573	0.01427	4.0
MonitoringTutorialDataset_1895	True	0	0.78192	0.21808	4.0
MonitoringTutorialDataset_0502	True	1	0.00574	0.99426	4.0
MonitoringTutorialDataset_0779	True	1	0.00028	0.99972	4.0
MonitoringTutorialDataset_1863	False	1	0.04803	0.95197	4.0
MonitoringTutorialDataset_2088	False	0	0.99926	0.00074	4.0
MonitoringTutorialDataset_1796	True	1	0.05529	0.94471	4.0
MonitoringTutorialDataset_2336	True	1	0.00132	0.99868	4.0
MonitoringTutorialDataset_1522	False	0	0.99933	0.00067	4.0
MonitoringTutorialDataset_1162	True	1	2e-05	0.99998	4.0
MonitoringTutorialDataset_2027	False	0	0.9977	0.0023	4.0
MonitoringTutorialDataset_1367	True	1	0.0	1.0	4.0
MonitoringTutorialDataset_0064	True	1	0.00207	0.99793	4.0
MonitoringTutorialDataset_3112	True	1	8e-05	0.99992	4.0
MonitoringTutorialDataset_0763	False	1	0.35051	0.64949	4.0
MonitoringTutorialDataset_0791	True	1	0.06209	0.93791	4.0
MonitoringTutorialDataset_1076	True	1	0.05565	0.94435	4.0
MonitoringTutorialDataset_3533	True	1	0.00463	0.99537	4.0
MonitoringTutorialDataset_1500	False	0	0.99967	0.00033	4.0
MonitoringTutorialDataset_3843	True	1	0.13088	0.86912	4.0
MonitoringTutorialDataset_2613	False	1	0.26867	0.73133	4.0
MonitoringTutorialDataset_3461	True	1	2e-05	0.99998	4.0
MonitoringTutorialDataset_3073	True	1	1e-05	0.99999	4.0
MonitoringTutorialDataset_3459	True	1	0.05662	0.94338	4.0
MonitoringTutorialDataset_3943	True	1	0.00036	0.99964	4.0
MonitoringTutorialDataset_1585	True	1	0.00117	0.99883	4.0
MonitoringTutorialDataset_2253	True	1	2e-05	0.99998	4.0
MonitoringTutorialDataset_3499	True	0	0.9264	0.0736	4.0
MonitoringTutorialDataset_1390	False	0	0.999	0.001	4.0
MonitoringTutorialDataset_2139	False	0	0.91797	0.08203	4.0
MonitoringTutorialDataset_1363	True	1	0.01874	0.98126	4.0
MonitoringTutorialDataset_2612	True	1	0.00362	0.99638	4.0
MonitoringTutorialDataset_2824	True	1	0.00014	0.99986	4.0
MonitoringTutorialDataset_2041	False	0	0.9991	0.0009	4.0
MonitoringTutorialDataset_2363	False	1	5e-05	0.99995	4.0
MonitoringTutorialDataset_2214	True	1	0.04452	0.95548	4.0
MonitoringTutorialDataset_2068	True	1	1e-05	0.99999	4.0
MonitoringTutorialDataset_0646	False	0	0.99916	0.00084	4.0
MonitoringTutorialDataset_4032	False	1	0.2458	0.7542	4.0
MonitoringTutorialDataset_1806	True	0	0.71148	0.28852	4.0
MonitoringTutorialDataset_3753	True	1	7e-05	0.99993	4.0
MonitoringTutorialDataset_0474	True	1	0.0	1.0	4.0
MonitoringTutorialDataset_3632	False	0	0.83525	0.16475	4.0
MonitoringTutorialDataset_1215	True	1	8e-05	0.99992	4.0
MonitoringTutorialDataset_2853	True	1	0.16025	0.83975	4.0
MonitoringTutorialDataset_3485	False	1	0.23971	0.76029	4.0
MonitoringTutorialDataset_0769	False	0	0.99954	0.00046	4.0
MonitoringTutorialDataset_2135	False	0	0.99044	0.00956	4.0
MonitoringTutorialDataset_2169	True	1	0.0046	0.9954	4.0
